frameIdentifier,sessionUID,carIndex,name,fl,fr,rl,rr
0,987,5,M4,1,0,1,1
23,987,5,M4,1,0,1,1
45,987,5,M4,1,0,1,1
67,987,5,M4,1,0,1,1
88,987,5,M4,1,0,1,1
110,987,5,M4,1,0,1,1
132,987,5,M4,1,0,1,1
154,987,5,M4,1,0,1,1
176,987,5,M4,1,0,2,1
198,987,5,M4,1,0,2,1
220,987,5,M4,1,0,2,1
242,987,5,M4,1,0,2,1
264,987,5,M4,1,0,2,1
286,987,5,M4,1,0,2,1
308,987,5,M4,1,0,2,1
331,987,5,M4,1,0,2,1
353,987,5,M4,1,0,2,1
373,987,5,M4,1,0,2,1
396,987,5,M4,1,0,2,1
418,987,5,M4,1,0,2,1
439,987,5,M4,1,0,2,1
460,987,5,M4,1,1,2,1
482,987,5,M4,1,1,2,1
504,987,5,M4,1,1,2,1
525,987,5,M4,1,1,2,2
548,987,5,M4,1,1,2,2
570,987,5,M4,1,1,2,2
592,987,5,M4,1,1,2,2
614,987,5,M4,1,1,2,2
636,987,5,M4,1,1,2,2
659,987,5,M4,1,1,2,2
681,987,5,M4,1,1,2,2
703,987,5,M4,1,1,2,2
725,987,5,M4,1,1,2,2
748,987,5,M4,1,1,2,2
769,987,5,M4,1,1,2,2
791,987,5,M4,1,1,2,2
812,987,5,M4,1,1,2,2
834,987,5,M4,1,1,2,2
857,987,5,M4,1,1,2,2
879,987,5,M4,1,1,2,2
900,987,5,M4,1,1,2,2
922,987,5,M4,1,1,2,2
943,987,5,M4,1,1,2,2
967,987,5,M4,1,1,2,2
988,987,5,M4,1,1,3,2
1010,987,5,M4,1,1,3,2
1031,987,5,M4,1,1,3,2
1053,987,5,M4,1,1,3,2
1076,987,5,M4,1,1,3,2
1096,987,5,M4,1,1,3,2
1118,987,5,M4,1,1,3,2
1138,987,5,M4,1,1,3,2
1160,987,5,M4,1,1,3,2
1183,987,5,M4,1,1,3,2
1205,987,5,M4,1,1,3,2
1227,987,5,M4,1,1,3,2
1248,987,5,M4,1,1,3,3
1271,987,5,M4,1,1,3,3
1293,987,5,M4,1,1,3,3
1315,987,5,M4,1,1,3,3
1337,987,5,M4,1,1,3,3
1359,987,5,M4,1,1,3,3
1382,987,5,M4,1,1,3,3
1404,987,5,M4,1,1,3,3
1425,987,5,M4,1,1,3,3
1447,987,5,M4,1,1,3,3
1469,987,5,M4,2,1,3,3
1492,987,5,M4,2,1,3,3
1514,987,5,M4,2,1,3,3
1536,987,5,M4,2,1,3,3
1557,987,5,M4,2,1,3,3
1579,987,5,M4,2,1,3,3
1601,987,5,M4,2,1,3,3
1623,987,5,M4,2,1,3,3
1644,987,5,M4,2,1,3,3
1665,987,5,M4,2,1,3,3
1688,987,5,M4,2,1,3,3
1709,987,5,M4,2,1,3,3
1731,987,5,M4,2,1,3,3
1753,987,5,M4,2,1,3,3
1774,987,5,M4,2,1,3,3
1797,987,5,M4,2,1,3,3
1818,987,5,M4,2,1,3,3
1840,987,5,M4,2,1,3,3
1862,987,5,M4,2,2,3,3
1883,987,5,M4,2,2,3,3
1905,987,5,M4,2,2,3,3
1927,987,5,M4,2,2,3,3
1948,987,5,M4,2,2,3,3
1969,987,5,M4,2,2,3,3
1991,987,5,M4,2,2,3,3
2014,987,5,M4,2,2,3,3
2036,987,5,M4,2,2,3,3
2058,987,5,M4,2,2,4,3
2081,987,5,M4,2,2,4,3
2104,987,5,M4,2,2,4,3
2127,987,5,M4,2,2,4,3
2149,987,5,M4,2,2,4,3
2171,987,5,M4,2,2,4,3
2192,987,5,M4,2,2,4,3
2214,987,5,M4,3,2,4,3
2235,987,5,M4,3,2,4,3
2256,987,5,M4,3,2,4,3
2277,987,5,M4,3,2,4,4
2300,987,5,M4,3,2,4,4
2323,987,5,M4,3,3,4,4
2347,987,5,M4,3,3,4,4
2371,987,5,M4,3,3,4,4
2397,987,5,M4,3,3,4,4
2421,987,5,M4,3,3,4,4
2445,987,5,M4,3,3,4,4
2468,987,5,M4,3,3,5,4
2492,987,5,M4,3,3,5,4
2516,987,5,M4,3,3,5,4
2540,987,5,M4,3,3,5,4
2562,987,5,M4,3,3,5,4
2585,987,5,M4,3,3,5,4
2608,987,5,M4,3,3,5,4
2631,987,5,M4,3,3,5,4
2655,987,5,M4,3,3,5,4
2679,987,5,M4,3,3,5,4
2701,987,5,M4,3,3,5,4
2726,987,5,M4,3,3,5,4
2750,987,5,M4,3,3,5,4
2773,987,5,M4,3,3,5,4
2797,987,5,M4,3,3,5,4
2821,987,5,M4,3,3,5,4
2844,987,5,M4,3,3,5,5
2867,987,5,M4,3,3,5,5
2890,987,5,M4,3,3,5,5
2915,987,5,M4,3,3,5,5
2939,987,5,M4,3,3,5,5
2960,987,5,M4,3,3,5,5
2983,987,5,M4,3,3,5,5
3006,987,5,M4,3,3,5,5
3030,987,5,M4,3,3,5,5
3054,987,5,M4,4,3,5,5
3077,987,5,M4,4,3,5,5
3101,987,5,M4,4,3,5,5
3128,987,5,M4,4,3,5,5
3152,987,5,M4,4,3,5,5
3175,987,5,M4,4,3,5,5
3199,987,5,M4,4,3,5,5
3223,987,5,M4,4,3,5,5
3247,987,5,M4,4,3,5,5
3270,987,5,M4,4,3,5,5
3293,987,5,M4,4,3,5,5
3315,987,5,M4,4,3,5,5
3338,987,5,M4,4,3,5,5
3363,987,5,M4,4,3,5,5
3386,987,5,M4,4,3,5,5
3410,987,5,M4,4,3,5,5
3434,987,5,M4,4,3,5,5
3458,987,5,M4,4,3,5,5
3483,987,5,M4,4,4,5,5
3507,987,5,M4,4,4,5,5
3531,987,5,M4,4,4,5,5
3555,987,5,M4,4,4,5,5
3579,987,5,M4,4,4,5,5
3603,987,5,M4,4,4,5,5
3626,987,5,M4,4,4,6,5
3650,987,5,M4,4,4,6,5
3674,987,5,M4,4,4,6,5
3697,987,5,M4,4,4,6,5
3721,987,5,M4,4,4,6,5
3745,987,5,M4,4,4,6,5
3768,987,5,M4,4,4,6,5
3791,987,5,M4,4,4,6,5
3815,987,5,M4,4,4,6,5
3838,987,5,M4,4,4,6,5
3861,987,5,M4,4,4,6,5
3884,987,5,M4,4,4,6,5
3905,987,5,M4,4,4,6,5
3928,987,5,M4,4,4,6,5
3950,987,5,M4,4,4,6,5
3971,987,5,M4,5,4,6,5
3992,987,5,M4,5,5,6,6
4014,987,5,M4,5,5,6,6
4036,987,5,M4,5,5,6,6
4057,987,5,M4,5,5,6,6
4080,987,5,M4,5,5,6,6
4102,987,5,M4,5,5,7,6
4124,987,5,M4,5,5,7,6
4147,987,5,M4,5,5,7,6
4169,987,5,M4,5,5,7,6
4191,987,5,M4,5,5,7,6
4214,987,5,M4,5,5,7,6
4235,987,5,M4,5,5,7,6
4257,987,5,M4,5,5,7,6
4279,987,5,M4,5,5,7,6
4300,987,5,M4,5,5,7,6
4322,987,5,M4,5,5,7,6
4344,987,5,M4,5,5,7,6
4365,987,5,M4,5,5,7,6
4387,987,5,M4,5,5,7,6
4409,987,5,M4,5,5,7,6
4430,987,5,M4,5,5,7,6
4453,987,5,M4,6,5,7,7
4475,987,5,M4,6,5,7,7
4496,987,5,M4,6,5,7,7
4518,987,5,M4,6,5,7,7
4541,987,5,M4,6,5,7,7
4563,987,5,M4,6,5,7,7
4585,987,5,M4,6,5,7,7
4606,987,5,M4,6,5,7,7
4628,987,5,M4,6,5,7,7
4650,987,5,M4,6,5,7,7
4672,987,5,M4,6,5,7,7
4694,987,5,M4,6,6,7,7
4716,987,5,M4,6,6,7,7
4737,987,5,M4,6,6,7,7
4759,987,5,M4,6,6,7,7
4782,987,5,M4,6,6,7,7
4804,987,5,M4,6,6,7,7
4826,987,5,M4,6,6,7,7
4848,987,5,M4,6,6,7,7
4870,987,5,M4,6,6,7,7
4893,987,5,M4,6,6,7,7
4914,987,5,M4,6,6,7,7
4936,987,5,M4,6,6,7,7
4958,987,5,M4,6,6,7,7
4980,987,5,M4,6,6,7,7
5002,987,5,M4,6,6,7,7
5023,987,5,M4,6,6,7,7
5045,987,5,M4,6,6,8,7
5067,987,5,M4,6,6,8,7
5089,987,5,M4,6,6,8,7
5111,987,5,M4,6,6,8,7
5132,987,5,M4,6,6,8,7
5153,987,5,M4,6,6,8,7
5177,987,5,M4,6,6,8,7
5202,987,5,M4,6,6,8,7
5225,987,5,M4,6,6,8,7
5249,987,5,M4,6,6,8,7
5273,987,5,M4,6,6,8,7
5295,987,5,M4,7,6,8,7
5320,987,5,M4,7,6,8,7
5344,987,5,M4,7,6,8,7
5367,987,5,M4,7,6,8,7
5390,987,5,M4,7,6,8,7
5413,987,5,M4,7,6,8,8
5437,987,5,M4,7,6,8,8
5460,987,5,M4,7,6,8,8
5482,987,5,M4,7,6,8,8
5506,987,5,M4,7,7,8,8
5529,987,5,M4,7,7,8,8
5555,987,5,M4,7,7,9,8
5578,987,5,M4,7,7,9,8
5601,987,5,M4,7,7,9,8
5624,987,5,M4,7,7,9,8
5648,987,5,M4,7,7,9,8
5670,987,5,M4,7,7,9,8
5691,987,5,M4,7,7,9,8
5712,987,5,M4,8,7,9,8
5733,987,5,M4,8,7,9,8
5755,987,5,M4,8,7,9,8
5776,987,5,M4,8,7,9,8
5799,987,5,M4,8,7,9,9
5820,987,5,M4,8,7,9,9
5840,987,5,M4,8,7,9,9
5862,987,5,M4,8,7,9,9
5884,987,5,M4,8,7,9,9
5906,987,5,M4,8,7,9,9
5928,987,5,M4,8,7,9,9
5949,987,5,M4,8,7,9,9
5972,987,5,M4,8,7,9,9
5993,987,5,M4,9,7,9,9
6015,987,5,M4,9,7,9,9
6036,987,5,M4,9,8,9,9
6058,987,5,M4,9,8,9,9
6081,987,5,M4,9,8,9,9
6102,987,5,M4,9,8,9,9
6123,987,5,M4,9,8,9,9
6145,987,5,M4,9,8,9,9
6166,987,5,M4,9,8,9,9
6189,987,5,M4,9,8,10,9
6210,987,5,M4,9,8,10,9
6232,987,5,M4,9,8,10,9
6255,987,5,M4,9,8,10,9
6278,987,5,M4,9,8,10,9
6299,987,5,M4,9,8,10,9
6321,987,5,M4,9,8,10,9
6343,987,5,M4,9,8,10,9
6365,987,5,M4,9,8,10,9
6388,987,5,M4,9,8,10,9
6410,987,5,M4,9,8,10,9
6432,987,5,M4,9,8,10,9
6454,987,5,M4,9,8,10,9
6476,987,5,M4,9,8,10,9
6499,987,5,M4,9,8,10,9
6521,987,5,M4,9,8,10,9
6543,987,5,M4,9,8,10,9
6566,987,5,M4,9,8,10,9
6588,987,5,M4,9,8,10,9
6611,987,5,M4,9,8,10,9
6633,987,5,M4,9,8,10,9
6655,987,5,M4,9,9,10,9
6677,987,5,M4,9,9,10,9
6698,987,5,M4,9,9,10,9
6721,987,5,M4,9,9,10,9
6742,987,5,M4,9,9,10,9
6763,987,5,M4,9,9,10,9
6785,987,5,M4,9,9,10,9
6808,987,5,M4,9,9,10,9
6830,987,5,M4,9,9,10,9
6852,987,5,M4,9,9,10,9
6873,987,5,M4,9,9,10,10
6895,987,5,M4,9,9,10,10
6918,987,5,M4,10,9,10,10
6939,987,5,M4,10,9,10,10
6961,987,5,M4,10,9,10,10
6983,987,5,M4,10,9,10,10
7004,987,5,M4,10,9,10,10
7027,987,5,M4,10,9,10,10
7049,987,5,M4,10,9,10,10
7071,987,5,M4,10,9,10,10
7093,987,5,M4,10,9,11,10
7114,987,5,M4,10,9,11,10
7137,987,5,M4,10,9,11,10
7158,987,5,M4,10,9,11,10
7180,987,5,M4,10,9,11,10
7202,987,5,M4,10,9,11,10
7224,987,5,M4,10,9,11,10
7247,987,5,M4,10,10,11,10
7269,987,5,M4,10,10,11,10
7290,987,5,M4,10,10,11,10
7312,987,5,M4,10,10,11,10
7334,987,5,M4,10,10,11,10
7356,987,5,M4,10,10,11,10
7377,987,5,M4,10,10,11,10
7399,987,5,M4,10,10,11,10
7421,987,5,M4,10,10,11,10
7443,987,5,M4,10,10,11,10
7465,987,5,M4,10,10,11,10
7487,987,5,M4,10,10,11,10
7509,987,5,M4,11,10,11,10
7531,987,5,M4,11,10,12,10
7553,987,5,M4,11,10,12,10
7575,987,5,M4,11,10,12,11
7597,987,5,M4,11,10,12,11
7618,987,5,M4,11,10,12,11
7640,987,5,M4,11,10,12,11
7663,987,5,M4,11,10,12,11
7684,987,5,M4,11,10,12,11
7706,987,5,M4,11,10,12,11
7728,987,5,M4,11,10,12,11
7750,987,5,M4,11,10,12,11
7772,987,5,M4,11,10,12,11
7793,987,5,M4,11,10,12,11
7815,987,5,M4,11,10,12,11
7836,987,5,M4,11,10,12,11
7858,987,5,M4,11,10,12,11
7881,987,5,M4,11,10,12,11
7902,987,5,M4,11,10,12,11
7924,987,5,M4,11,10,12,11
7947,987,5,M4,11,10,12,11
7969,987,5,M4,11,10,12,11
7991,987,5,M4,11,10,12,11
8013,987,5,M4,11,10,12,11
8034,987,5,M4,11,10,12,11
8056,987,5,M4,11,10,12,11
8079,987,5,M4,11,10,12,11
8101,987,5,M4,11,10,12,11
8123,987,5,M4,11,10,12,11
8145,987,5,M4,11,10,12,11
8167,987,5,M4,12,10,12,11
8190,987,5,M4,12,10,12,11
8212,987,5,M4,12,10,12,11
8234,987,5,M4,12,10,12,12
8256,987,5,M4,12,11,12,12
8279,987,5,M4,12,11,12,12
8301,987,5,M4,12,11,12,12
8323,987,5,M4,12,11,12,12
8345,987,5,M4,12,11,12,12
8367,987,5,M4,12,11,12,12
8389,987,5,M4,12,11,12,12
8410,987,5,M4,12,11,12,12
8432,987,5,M4,12,11,12,12
8454,987,5,M4,12,11,12,12
8476,987,5,M4,12,11,12,12
8496,987,5,M4,12,11,13,12
8519,987,5,M4,12,11,13,12
8540,987,5,M4,12,11,13,12
8561,987,5,M4,12,11,13,12
8583,987,5,M4,12,11,13,12
8605,987,5,M4,12,11,13,12
8628,987,5,M4,12,11,13,12
8649,987,5,M4,12,12,13,12
8671,987,5,M4,12,12,13,12
8692,987,5,M4,12,12,13,12
8713,987,5,M4,13,12,13,12
8735,987,5,M4,13,12,13,12
8757,987,5,M4,13,12,13,12
8778,987,5,M4,13,12,13,12
8799,987,5,M4,13,12,13,12
8822,987,5,M4,13,12,13,12
8844,987,5,M4,13,12,14,12
8866,987,5,M4,13,12,14,12
8888,987,5,M4,13,12,14,12
8909,987,5,M4,13,12,14,12
8932,987,5,M4,13,12,14,12
8954,987,5,M4,13,12,14,12
8976,987,5,M4,13,12,14,12
8997,987,5,M4,13,12,14,12
9019,987,5,M4,13,12,14,12
9042,987,5,M4,13,12,14,13
9063,987,5,M4,13,12,14,13
9085,987,5,M4,13,12,14,13
9107,987,5,M4,14,12,14,13
9128,987,5,M4,14,12,14,13
9151,987,5,M4,14,12,14,13
9173,987,5,M4,14,12,14,13
9195,987,5,M4,14,12,14,13
9216,987,5,M4,14,12,14,13
9238,987,5,M4,14,12,14,13
9260,987,5,M4,14,12,14,13
9283,987,5,M4,14,12,14,13
9305,987,5,M4,14,12,14,13
9327,987,5,M4,14,12,14,13
9350,987,5,M4,14,12,14,13
9372,987,5,M4,14,12,14,13
9393,987,5,M4,14,12,14,13
9414,987,5,M4,14,12,14,13
9436,987,5,M4,14,12,14,13
9458,987,5,M4,14,12,14,13
9480,987,5,M4,14,12,14,13
9501,987,5,M4,14,12,14,13
9522,987,5,M4,14,12,14,13
9544,987,5,M4,14,12,14,13
9566,987,5,M4,14,12,14,13
9589,987,5,M4,14,12,14,13
9611,987,5,M4,14,12,14,13
9633,987,5,M4,14,12,14,13
9655,987,5,M4,14,12,14,13
9678,987,5,M4,14,13,14,13
9700,987,5,M4,14,13,14,14
9722,987,5,M4,14,13,15,14
9744,987,5,M4,14,13,15,14
9766,987,5,M4,14,13,15,14
9789,987,5,M4,14,13,15,14
9811,987,5,M4,14,13,15,14
9833,987,5,M4,14,13,15,14
9855,987,5,M4,14,13,15,14
9878,987,5,M4,14,13,15,14
9899,987,5,M4,14,13,15,14
9921,987,5,M4,14,13,15,14
9942,987,5,M4,14,13,15,14
9964,987,5,M4,14,13,15,14
9985,987,5,M4,14,13,15,14
10007,987,5,M4,14,13,15,14
10029,987,5,M4,14,14,15,14
10050,987,5,M4,14,14,15,14
10072,987,5,M4,14,14,15,14
10095,987,5,M4,14,14,15,14
10116,987,5,M4,14,14,15,14
10138,987,5,M4,15,14,15,14
10159,987,5,M4,15,14,15,14
10179,987,5,M4,15,14,15,14
10202,987,5,M4,15,14,15,14
10222,987,5,M4,15,14,16,14
10244,987,5,M4,15,14,16,14
10265,987,5,M4,15,14,16,14
10288,987,5,M4,15,14,16,14
10311,987,5,M4,15,14,16,14
10332,987,5,M4,15,14,16,14
10353,987,5,M4,15,14,16,14
10375,987,5,M4,15,14,16,15
10397,987,5,M4,16,14,16,15
10419,987,5,M4,16,14,16,15
10441,987,5,M4,16,14,16,15
10462,987,5,M4,16,14,16,15
10484,987,5,M4,16,14,16,15
10507,987,5,M4,16,14,16,15
10529,987,5,M4,16,14,16,15
10551,987,5,M4,16,14,16,15
10571,987,5,M4,16,14,16,15
10593,987,5,M4,16,14,16,15
10616,987,5,M4,16,14,16,15
10638,987,5,M4,16,15,16,15
10660,987,5,M4,16,15,16,15
10683,987,5,M4,16,15,16,15
10704,987,5,M4,16,15,16,15
10727,987,5,M4,16,15,16,15
10748,987,5,M4,16,15,16,15
10770,987,5,M4,16,15,16,15
10791,987,5,M4,16,15,16,15
10812,987,5,M4,16,15,16,15
10835,987,5,M4,16,15,16,15
10857,987,5,M4,16,15,16,15
10879,987,5,M4,16,15,16,15
10901,987,5,M4,16,15,16,15
10923,987,5,M4,16,15,16,15
10944,987,5,M4,16,15,16,15
10966,987,5,M4,16,15,16,15
10987,987,5,M4,16,15,17,15
11010,987,5,M4,16,15,17,16
11031,987,5,M4,16,15,17,16
11054,987,5,M4,16,15,17,16
11075,987,5,M4,16,15,17,16
11097,987,5,M4,16,15,17,16
11119,987,5,M4,16,15,17,16
11142,987,5,M4,16,15,17,16
11163,987,5,M4,16,15,17,16
11185,987,5,M4,16,15,17,16
11206,987,5,M4,16,15,17,16
11228,987,5,M4,16,15,17,16
11250,987,5,M4,16,15,17,16
11272,987,5,M4,16,15,17,16
11294,987,5,M4,16,15,17,16
11316,987,5,M4,16,15,17,16
11338,987,5,M4,16,15,17,16
11360,987,5,M4,16,15,17,16
11382,987,5,M4,16,15,17,16
11404,987,5,M4,16,15,17,16
11426,987,5,M4,16,15,17,16
11448,987,5,M4,17,15,17,16
11470,987,5,M4,17,15,17,16
11492,987,5,M4,17,15,17,16
11514,987,5,M4,17,15,17,16
11536,987,5,M4,17,15,17,16
11557,987,5,M4,17,16,17,16
11580,987,5,M4,17,16,18,16
11601,987,5,M4,17,16,18,16
11622,987,5,M4,17,16,18,16
11644,987,5,M4,17,16,18,16
11666,987,5,M4,17,16,18,16
11690,987,5,M4,17,16,18,16
11711,987,5,M4,18,16,18,16
11732,987,5,M4,18,16,18,16
11754,987,5,M4,18,16,18,16
11776,987,5,M4,18,16,18,16
11797,987,5,M4,18,16,18,16
11820,987,5,M4,18,16,18,17
11842,987,5,M4,18,16,18,17
11863,987,5,M4,18,16,18,17
11885,987,5,M4,18,16,18,17
11907,987,5,M4,18,16,18,17
11929,987,5,M4,18,16,18,17
11951,987,5,M4,18,16,18,17
11973,987,5,M4,18,16,18,17
11996,987,5,M4,18,16,18,17
12018,987,5,M4,18,16,18,17
12038,987,5,M4,18,16,18,17
12058,987,5,M4,18,16,18,17
12081,987,5,M4,18,16,18,17
12102,987,5,M4,18,16,18,17
12124,987,5,M4,18,16,18,17
12146,987,5,M4,18,16,19,17
12167,987,5,M4,18,16,19,17
12190,987,5,M4,18,17,19,17
12213,987,5,M4,18,17,19,17
12234,987,5,M4,18,17,19,17
12256,987,5,M4,18,17,19,17
12277,987,5,M4,18,17,19,17
12299,987,5,M4,18,17,19,17
12322,987,5,M4,18,17,19,17
12344,987,5,M4,18,17,19,17
12366,987,5,M4,18,17,19,18
12388,987,5,M4,19,17,19,18
12411,987,5,M4,19,17,19,18
12433,987,5,M4,19,17,19,18
12454,987,5,M4,19,17,19,18
12476,987,5,M4,19,17,19,18
12498,987,5,M4,19,17,19,18
12521,987,5,M4,19,17,19,18
12543,987,5,M4,19,17,19,18
12565,987,5,M4,19,17,19,18
12587,987,5,M4,19,17,19,18
12608,987,5,M4,19,17,19,18
12631,987,5,M4,19,17,19,18
12653,987,5,M4,19,17,19,18
12674,987,5,M4,19,17,19,18
12697,987,5,M4,19,17,19,18
12719,987,5,M4,19,17,19,18
12741,987,5,M4,19,17,19,18
12763,987,5,M4,19,17,19,18
12785,987,5,M4,19,17,19,18
12806,987,5,M4,19,17,19,18
12828,987,5,M4,19,17,20,18
12850,987,5,M4,19,17,20,18
12872,987,5,M4,19,17,20,18
12893,987,5,M4,19,17,20,18
12915,987,5,M4,19,17,20,18
12936,987,5,M4,19,17,20,18
12958,987,5,M4,19,18,20,18
12980,987,5,M4,19,18,20,18
13001,987,5,M4,19,18,20,18
13023,987,5,M4,20,18,20,18
13045,987,5,M4,20,18,20,18
13067,987,5,M4,20,18,20,18
13089,987,5,M4,20,18,20,18
13110,987,5,M4,20,18,20,18
13132,987,5,M4,20,18,20,18
13155,987,5,M4,20,18,20,18
13176,987,5,M4,20,18,20,18
13197,987,5,M4,20,18,20,18
13219,987,5,M4,20,18,20,18
13241,987,5,M4,20,18,20,18
13262,987,5,M4,20,18,20,18
13284,987,5,M4,20,18,20,19
13306,987,5,M4,20,18,20,19
13328,987,5,M4,20,18,20,19
13349,987,5,M4,20,18,20,19
13371,987,5,M4,20,18,20,19
13393,987,5,M4,20,18,20,19
13414,987,5,M4,20,18,20,19
13435,987,5,M4,20,18,20,19
13457,987,5,M4,20,19,20,19
13479,987,5,M4,21,19,21,19
13499,987,5,M4,21,19,21,19
13520,987,5,M4,21,19,21,19
13542,987,5,M4,21,19,21,19
13565,987,5,M4,21,19,21,19
13587,987,5,M4,21,19,21,19
13609,987,5,M4,21,19,21,19
13630,987,5,M4,21,19,21,19
13653,987,5,M4,21,19,21,19
13675,987,5,M4,21,19,21,19
13697,987,5,M4,21,19,21,19
13719,987,5,M4,21,19,21,20
13741,987,5,M4,21,19,21,20
13763,987,5,M4,21,19,21,20
13786,987,5,M4,21,19,21,20
13808,987,5,M4,21,19,21,20
13830,987,5,M4,21,19,21,20
13852,987,5,M4,21,19,21,20
13874,987,5,M4,21,19,21,20
13896,987,5,M4,21,19,21,20
13918,987,5,M4,21,19,21,20
13939,987,5,M4,21,19,21,20
13962,987,5,M4,21,19,21,20
13984,987,5,M4,21,19,21,20
14006,987,5,M4,21,19,21,20
14027,987,5,M4,21,19,21,20
14049,987,5,M4,21,19,21,20
14071,987,5,M4,21,19,21,20
14093,987,5,M4,21,19,21,20
14116,987,5,M4,21,19,21,20
14138,987,5,M4,21,19,21,20
14159,987,5,M4,21,19,21,20
14181,987,5,M4,21,19,21,20
14203,987,5,M4,21,19,21,20
14225,987,5,M4,21,19,21,20
14247,987,5,M4,21,19,21,20
14268,987,5,M4,21,19,21,20
14289,987,5,M4,21,19,21,20
14312,987,5,M4,21,19,21,20
14334,987,5,M4,21,20,22,20
14357,987,5,M4,21,20,22,20
14378,987,5,M4,21,20,22,20
14400,987,5,M4,21,20,22,20
14423,987,5,M4,21,20,22,20
14445,987,5,M4,21,20,22,20
14466,987,5,M4,21,20,22,20
14488,987,5,M4,21,20,22,20
14509,987,5,M4,21,20,22,20
14532,987,5,M4,21,20,22,20
14554,987,5,M4,21,20,22,20
14575,987,5,M4,22,20,22,20
14597,987,5,M4,22,20,22,20
14619,987,5,M4,22,20,22,20
14642,987,5,M4,22,20,22,20
14665,987,5,M4,22,20,22,20
14687,987,5,M4,22,20,22,20
14709,987,5,M4,22,20,22,20
14730,987,5,M4,22,20,22,20
14753,987,5,M4,22,20,22,21
14774,987,5,M4,22,20,22,21
14795,987,5,M4,22,20,22,21
14817,987,5,M4,22,20,22,21
14840,987,5,M4,22,20,22,21
14862,987,5,M4,22,20,23,21
14884,987,5,M4,23,20,23,21
14906,987,5,M4,23,20,23,21
14928,987,5,M4,23,20,23,21
14951,987,5,M4,23,21,23,21
14973,987,5,M4,23,21,23,21
14994,987,5,M4,23,21,23,21
15017,987,5,M4,23,21,23,21
15038,987,5,M4,23,21,23,21
15060,987,5,M4,23,21,23,21
15081,987,5,M4,23,21,23,21
15103,987,5,M4,23,21,23,21
15125,987,5,M4,23,21,23,21
15147,987,5,M4,23,21,23,21
15170,987,5,M4,23,21,23,21
15191,987,5,M4,23,21,23,21
15213,987,5,M4,23,21,23,21
15235,987,5,M4,23,21,23,21
15256,987,5,M4,23,21,23,21
15278,987,5,M4,23,21,23,21
15299,987,5,M4,23,21,23,21
15321,987,5,M4,23,21,23,21
15343,987,5,M4,23,21,23,21
15365,987,5,M4,23,21,23,21
15387,987,5,M4,23,21,23,21
15409,987,5,M4,23,21,23,21
15431,987,5,M4,23,21,23,21
15453,987,5,M4,23,21,23,21
15476,987,5,M4,23,21,23,21
15497,987,5,M4,23,21,23,21
15518,987,5,M4,23,21,23,22
15540,987,5,M4,23,21,23,22
15561,987,5,M4,23,21,23,22
15584,987,5,M4,23,21,23,22
15606,987,5,M4,23,21,23,22
15628,987,5,M4,23,21,23,22
15650,987,5,M4,23,21,24,22
15672,987,5,M4,23,21,24,22
15694,987,5,M4,23,21,24,22
15715,987,5,M4,23,21,24,22
15737,987,5,M4,23,21,24,22
15759,987,5,M4,23,21,24,22
15780,987,5,M4,23,21,24,22
15802,987,5,M4,23,21,24,22
15823,987,5,M4,23,21,24,22
15844,987,5,M4,24,21,24,22
15865,987,5,M4,24,21,24,22
15886,987,5,M4,24,21,24,22
15907,987,5,M4,24,21,24,22
15929,987,5,M4,24,21,24,22
15951,987,5,M4,24,21,24,22
15972,987,5,M4,24,21,24,22
15995,987,5,M4,24,21,24,22
16018,987,5,M4,24,21,24,22
16040,987,5,M4,24,21,24,22
16062,987,5,M4,24,21,24,22
16083,987,5,M4,24,22,24,22
16106,987,5,M4,24,22,24,22
16128,987,5,M4,24,22,24,22
16150,987,5,M4,24,22,24,22
16172,987,5,M4,24,22,24,23
16193,987,5,M4,24,22,24,23
16216,987,5,M4,24,22,24,23
16238,987,5,M4,24,22,24,23
16259,987,5,M4,24,22,24,23
16281,987,5,M4,24,22,24,23
16302,987,5,M4,25,22,25,23
16325,987,5,M4,25,22,25,23
16347,987,5,M4,25,22,25,23
16370,987,5,M4,25,22,25,23
16392,987,5,M4,25,22,25,23
16413,987,5,M4,25,22,25,23
16435,987,5,M4,25,23,25,23
16457,987,5,M4,25,23,25,23
16478,987,5,M4,25,23,25,23
16500,987,5,M4,25,23,25,23
16522,987,5,M4,25,23,25,23
16545,987,5,M4,25,23,25,23
16566,987,5,M4,25,23,25,23
16588,987,5,M4,25,23,25,23
16609,987,5,M4,25,23,25,23
16632,987,5,M4,25,23,25,23
16654,987,5,M4,25,23,25,23
16675,987,5,M4,25,23,25,23
16696,987,5,M4,25,23,25,23
16718,987,5,M4,25,23,25,23
16741,987,5,M4,25,23,25,23
16763,987,5,M4,25,23,25,23
16784,987,5,M4,25,23,25,23
16805,987,5,M4,25,23,25,23
16827,987,5,M4,25,23,25,23
16850,987,5,M4,25,23,25,23
16872,987,5,M4,25,23,25,23
16894,987,5,M4,25,23,25,23
16916,987,5,M4,25,23,25,24
16938,987,5,M4,25,23,25,24
16961,987,5,M4,25,23,26,24
16983,987,5,M4,26,23,26,24
17004,987,5,M4,26,23,26,24
17026,987,5,M4,26,23,26,24
17048,987,5,M4,26,23,26,24
17071,987,5,M4,26,23,26,24
17092,987,5,M4,26,23,26,24
17114,987,5,M4,26,23,26,24
17136,987,5,M4,26,23,26,24
17157,987,5,M4,26,23,26,24
17179,987,5,M4,26,23,26,24
17201,987,5,M4,26,23,26,24
17223,987,5,M4,26,23,26,24
17244,987,5,M4,26,23,26,24
17267,987,5,M4,26,23,26,24
17289,987,5,M4,26,23,26,24
17310,987,5,M4,26,23,26,24
17332,987,5,M4,26,23,26,24
17354,987,5,M4,26,23,26,24
17377,987,5,M4,26,23,26,24
17399,987,5,M4,26,23,26,24
17421,987,5,M4,26,24,26,24
17442,987,5,M4,26,24,26,24
17463,987,5,M4,26,24,26,24
17486,987,5,M4,26,24,26,24
17507,987,5,M4,26,24,26,24
17529,987,5,M4,26,24,26,24
17551,987,5,M4,26,24,26,24
17572,987,5,M4,26,24,26,24
17594,987,5,M4,26,24,26,24
17616,987,5,M4,26,24,26,24
17637,987,5,M4,26,24,26,25
17659,987,5,M4,26,24,26,25
17681,987,5,M4,27,24,27,25
17703,987,5,M4,27,24,27,25
17725,987,5,M4,27,24,27,25
17747,987,5,M4,27,24,27,25
17768,987,5,M4,27,24,27,25
17790,987,5,M4,27,24,27,25
17812,987,5,M4,27,24,27,25
17834,987,5,M4,27,24,27,25
17856,987,5,M4,27,25,27,25
17878,987,5,M4,27,25,27,25
17899,987,5,M4,27,25,27,25
17921,987,5,M4,27,25,27,25
17943,987,5,M4,27,25,27,25
17964,987,5,M4,27,25,27,25
17986,987,5,M4,27,25,27,25
18008,987,5,M4,27,25,27,25
18030,987,5,M4,27,25,27,25
18052,987,5,M4,27,25,27,25
18073,987,5,M4,27,25,27,25
18096,987,5,M4,27,25,27,25
18118,987,5,M4,27,25,27,25
18140,987,5,M4,27,25,27,25
18162,987,5,M4,27,25,27,25
18183,987,5,M4,27,25,27,25
18205,987,5,M4,27,25,27,25
18227,987,5,M4,27,25,27,25
18249,987,5,M4,27,25,27,25
18271,987,5,M4,27,25,27,25
18293,987,5,M4,28,25,28,25
18315,987,5,M4,28,25,28,25
18337,987,5,M4,28,25,28,25
18359,987,5,M4,28,25,28,26
18381,987,5,M4,28,25,28,26
18403,987,5,M4,28,25,28,26
18424,987,5,M4,28,25,28,26
18447,987,5,M4,28,25,28,26
18469,987,5,M4,28,25,28,26
18491,987,5,M4,28,25,28,26
18513,987,5,M4,28,25,28,26
18535,987,5,M4,28,25,28,26
18557,987,5,M4,28,25,28,26
18579,987,5,M4,28,25,28,26
18600,987,5,M4,28,25,28,26
18622,987,5,M4,28,25,28,26
18644,987,5,M4,28,25,28,26
18665,987,5,M4,28,25,28,26
18687,987,5,M4,28,25,28,26
18709,987,5,M4,28,25,28,26
18731,987,5,M4,28,25,28,26
18754,987,5,M4,28,25,28,26
18776,987,5,M4,28,25,28,26
18796,987,5,M4,28,25,28,26
18819,987,5,M4,28,25,28,26
18840,987,5,M4,28,25,28,26
18863,987,5,M4,28,25,28,26
18885,987,5,M4,28,25,28,26
18906,987,5,M4,28,25,28,26
18928,987,5,M4,28,25,28,26
18949,987,5,M4,28,26,28,26
18972,987,5,M4,29,26,29,26
18993,987,5,M4,29,26,29,26
19014,987,5,M4,29,26,29,26
19035,987,5,M4,29,26,29,26
19056,987,5,M4,29,26,29,26
19078,987,5,M4,29,26,29,26
19100,987,5,M4,29,26,29,26
19121,987,5,M4,29,26,29,26
19144,987,5,M4,29,26,29,26
19167,987,5,M4,29,26,29,26
19188,987,5,M4,29,26,29,26
19210,987,5,M4,0,0,0,0
19232,987,5,M4,0,0,0,0
19254,987,5,M4,0,0,0,0
19276,987,5,M4,0,0,0,0
19298,987,5,M4,0,0,0,0
19320,987,5,M4,0,0,0,0
19341,987,5,M4,0,0,0,0
19362,987,5,M4,0,0,0,0
19384,987,5,M4,0,0,0,0
19406,987,5,M4,0,0,0,0
19428,987,5,M4,0,0,0,0
19450,987,5,M4,0,0,0,0
19472,987,5,M4,0,0,0,0
19495,987,5,M4,0,0,0,0
19516,987,5,M4,0,0,0,0
19537,987,5,M4,0,0,0,0
19559,987,5,M4,0,0,0,0
19580,987,5,M4,0,0,0,0
19601,987,5,M4,0,0,0,0
19624,987,5,M4,0,0,0,0
19645,987,5,M4,0,0,0,0
19667,987,5,M4,0,0,0,0
19689,987,5,M4,0,0,0,0
19711,987,5,M4,0,0,0,0
19732,987,5,M4,0,0,0,0
19754,987,5,M4,0,0,0,0
19775,987,5,M4,0,0,0,0
19797,987,5,M4,0,0,0,0
19820,987,5,M4,0,0,0,0
19842,987,5,M4,0,0,1,0
19864,987,5,M4,1,0,1,1
19885,987,5,M4,1,0,1,1
19908,987,5,M4,1,0,1,1
19930,987,5,M4,1,1,1,1
19950,987,5,M4,1,1,1,1
19973,987,5,M4,1,1,1,1
19994,987,5,M4,1,1,1,1
20017,987,5,M4,1,1,1,1
20039,987,5,M4,1,1,1,1
20060,987,5,M4,1,1,1,1
20082,987,5,M4,1,1,1,1
20104,987,5,M4,1,1,1,1
20127,987,5,M4,1,1,1,1
20148,987,5,M4,1,1,1,1
20170,987,5,M4,1,1,1,1
20192,987,5,M4,1,1,1,1
20213,987,5,M4,1,1,1,1
20236,987,5,M4,2,1,1,1
20258,987,5,M4,2,1,1,1
20280,987,5,M4,2,1,1,1
20301,987,5,M4,2,1,1,1
20322,987,5,M4,2,1,1,1
20345,987,5,M4,2,1,1,1
20367,987,5,M4,2,1,2,1
20389,987,5,M4,2,1,2,2
20410,987,5,M4,2,1,2,1
20432,987,5,M4,2,1,2,1
20454,987,5,M4,2,1,2,1
20474,987,5,M4,2,1,2,1
20495,987,5,M4,2,1,2,1
20516,987,5,M4,2,1,2,2
20539,987,5,M4,2,1,2,2
20560,987,5,M4,2,1,2,2
20582,987,5,M4,2,1,2,2
20603,987,5,M4,2,1,2,2
20625,987,5,M4,2,1,2,2
20648,987,5,M4,2,1,2,2
20671,987,5,M4,2,1,2,2
20693,987,5,M4,2,1,2,2
20714,987,5,M4,2,1,2,2
20736,987,5,M4,2,1,2,2
20759,987,5,M4,2,1,2,2
20780,987,5,M4,2,1,2,2
20802,987,5,M4,2,1,2,2
20823,987,5,M4,3,1,2,2
20845,987,5,M4,3,2,3,2
20867,987,5,M4,3,2,3,2
20889,987,5,M4,3,2,3,2
20910,987,5,M4,3,2,3,2
20932,987,5,M4,3,2,3,2
20954,987,5,M4,3,2,3,2
20975,987,5,M4,3,2,3,2
20997,987,5,M4,3,2,3,2
21018,987,5,M4,3,2,3,2
21040,987,5,M4,3,2,3,3
21062,987,5,M4,3,2,3,3
21084,987,5,M4,3,2,3,3
21105,987,5,M4,3,2,3,3
21127,987,5,M4,3,2,3,3
21148,987,5,M4,3,2,3,3
21170,987,5,M4,3,2,3,3
21192,987,5,M4,3,2,3,3
21213,987,5,M4,3,2,3,3
21235,987,5,M4,3,3,3,3
21257,987,5,M4,4,3,3,3
21279,987,5,M4,4,3,3,3
21300,987,5,M4,4,3,3,3
21322,987,5,M4,0,0,0,0
21343,987,5,M4,4,3,4,3
21366,987,5,M4,4,3,4,3
21389,987,5,M4,4,3,4,3
21411,987,5,M4,4,3,4,3
21432,987,5,M4,4,3,4,3
21453,987,5,M4,4,3,4,3
21474,987,5,M4,5,3,4,4
21497,987,5,M4,5,4,4,4
21518,987,5,M4,5,4,4,4
21540,987,5,M4,5,4,4,4
21561,987,5,M4,5,4,4,4
21583,987,5,M4,5,4,4,4
21605,987,5,M4,5,4,4,4
21626,987,5,M4,5,4,4,4
21646,987,5,M4,5,4,4,4
21668,987,5,M4,5,4,4,4
21690,987,5,M4,5,4,5,4
21712,987,5,M4,5,4,5,4
21734,987,5,M4,5,4,5,4
21756,987,5,M4,5,4,5,4
21777,987,5,M4,5,4,5,4
21799,987,5,M4,5,4,5,4
21821,987,5,M4,5,4,5,4
21843,987,5,M4,5,4,5,4
21865,987,5,M4,5,4,5,4
21886,987,5,M4,5,4,5,4
21909,987,5,M4,5,4,5,4
21931,987,5,M4,5,4,5,4
21952,987,5,M4,5,4,5,4
21974,987,5,M4,5,4,5,5
21996,987,5,M4,6,4,5,5
22017,987,5,M4,6,4,5,5
22038,987,5,M4,6,4,5,5
22060,987,5,M4,6,4,5,5
22080,987,5,M4,6,4,5,5
22102,987,5,M4,6,4,5,5
22123,987,5,M4,6,4,5,5
22145,987,5,M4,6,4,5,5
22167,987,5,M4,6,4,5,5
22189,987,5,M4,6,4,5,5
22210,987,5,M4,6,4,5,5
22231,987,5,M4,6,4,5,5
22253,987,5,M4,6,4,5,5
22275,987,5,M4,6,4,5,5
22296,987,5,M4,6,5,5,5
22318,987,5,M4,6,5,6,5
22341,987,5,M4,6,5,6,5
22362,987,5,M4,6,5,6,5
22384,987,5,M4,6,5,6,5
22405,987,5,M4,6,5,6,5
22429,987,5,M4,6,5,6,5
22450,987,5,M4,6,5,6,5
22472,987,5,M4,6,5,6,5
22493,987,5,M4,6,5,6,5
22514,987,5,M4,6,5,6,5
22537,987,5,M4,6,5,6,5
22558,987,5,M4,6,5,6,5
22579,987,5,M4,7,5,6,5
22601,987,5,M4,7,5,6,5
22622,987,5,M4,7,5,6,5
22645,987,5,M4,7,5,6,5
22667,987,5,M4,7,5,6,6
22689,987,5,M4,7,5,6,6
22710,987,5,M4,7,5,6,6
22732,987,5,M4,7,5,6,6
22755,987,5,M4,7,5,7,6
22777,987,5,M4,7,6,7,6
22798,987,5,M4,7,6,7,6
22820,987,5,M4,7,6,7,6
22842,987,5,M4,7,6,7,6
22864,987,5,M4,7,6,7,6
22886,987,5,M4,8,6,7,6
22908,987,5,M4,8,6,7,6
22929,987,5,M4,8,6,7,7
22952,987,5,M4,8,7,7,7
22974,987,5,M4,8,7,7,7
22995,987,5,M4,8,7,7,7
23017,987,5,M4,8,7,7,7
23037,987,5,M4,8,7,7,7
23059,987,5,M4,8,7,7,7
23080,987,5,M4,8,7,7,7
23102,987,5,M4,8,7,7,7
23125,987,5,M4,8,7,8,7
23147,987,5,M4,8,7,8,7
23169,987,5,M4,8,7,8,7
23190,987,5,M4,9,7,8,7
23212,987,5,M4,9,7,8,7
23234,987,5,M4,9,7,8,7
23256,987,5,M4,9,7,8,7
23279,987,5,M4,9,7,8,7
23301,987,5,M4,9,7,8,7
23323,987,5,M4,9,7,8,7
23344,987,5,M4,9,7,8,7
23365,987,5,M4,9,7,8,7
23387,987,5,M4,9,7,8,7
23409,987,5,M4,9,7,8,7
23430,987,5,M4,9,7,8,7
23452,987,5,M4,9,7,8,7
23472,987,5,M4,9,7,8,7
23495,987,5,M4,9,7,8,7
23517,987,5,M4,9,7,8,7
23539,987,5,M4,9,7,8,7
23561,987,5,M4,9,7,9,8
23581,987,5,M4,9,7,9,8
23603,987,5,M4,9,7,9,8
23625,987,5,M4,9,7,9,8
23647,987,5,M4,9,7,9,8
23668,987,5,M4,9,7,9,8
23690,987,5,M4,9,7,9,8
23712,987,5,M4,9,7,9,8
23734,987,5,M4,9,7,9,8
23755,987,5,M4,9,7,9,8
23778,987,5,M4,9,7,9,8
23800,987,5,M4,9,7,9,8
23822,987,5,M4,9,7,9,8
23844,987,5,M4,9,8,9,8
23865,987,5,M4,9,8,9,8
23887,987,5,M4,9,8,9,8
23910,987,5,M4,9,8,9,8
23930,987,5,M4,9,8,9,8
23952,987,5,M4,9,8,9,8
23973,987,5,M4,10,8,9,8
23995,987,5,M4,10,8,9,8
24016,987,5,M4,10,8,9,8
24038,987,5,M4,10,8,9,8
24059,987,5,M4,10,8,9,9
24081,987,5,M4,10,9,9,9
24103,987,5,M4,10,9,9,9
24126,987,5,M4,10,9,9,9
24148,987,5,M4,10,9,9,9
24170,987,5,M4,10,9,9,9
24192,987,5,M4,10,9,9,9
24213,987,5,M4,10,9,9,9
24235,987,5,M4,10,9,10,9
24257,987,5,M4,10,9,10,9
24278,987,5,M4,10,9,10,9
24300,987,5,M4,11,9,10,9
24323,987,5,M4,11,9,10,9
24344,987,5,M4,11,9,10,9
24365,987,5,M4,11,9,10,9
24387,987,5,M4,11,9,10,9
24409,987,5,M4,11,9,10,9
24431,987,5,M4,11,9,10,9
24454,987,5,M4,11,10,10,9
24476,987,5,M4,11,10,10,9
24497,987,5,M4,12,10,10,10
24519,987,5,M4,12,10,10,10
24542,987,5,M4,12,10,10,10
24564,987,5,M4,12,10,11,10
24586,987,5,M4,12,10,11,10
24607,987,5,M4,12,10,11,10
24628,987,5,M4,12,10,11,10
24650,987,5,M4,12,10,11,10
24672,987,5,M4,12,10,11,10
24694,987,5,M4,12,10,11,10
24716,987,5,M4,12,10,11,10
24738,987,5,M4,12,10,11,10
24761,987,5,M4,12,10,11,10
24784,987,5,M4,12,10,11,10
24806,987,5,M4,12,10,11,10
24828,987,5,M4,12,10,11,10
24851,987,5,M4,12,10,11,10
24872,987,5,M4,12,10,11,10
24894,987,5,M4,12,10,11,10
24916,987,5,M4,12,10,11,10
24938,987,5,M4,12,10,11,10
24959,987,5,M4,12,10,11,10
24981,987,5,M4,12,10,11,10
25002,987,5,M4,12,10,11,10
25023,987,5,M4,12,10,12,10
25045,987,5,M4,12,10,12,11
25068,987,5,M4,12,10,12,10
25089,987,5,M4,12,10,12,10
25113,987,5,M4,12,10,12,10
25134,987,5,M4,12,10,12,10
25156,987,5,M4,12,10,12,10
25178,987,5,M4,12,10,12,10
25200,987,5,M4,12,10,12,11
25223,987,5,M4,12,10,12,11
25245,987,5,M4,12,10,12,10
25265,987,5,M4,12,10,12,11
25287,987,5,M4,12,10,12,10
25309,987,5,M4,12,10,12,10
25330,987,5,M4,13,11,12,11
25351,987,5,M4,13,11,12,11
25373,987,5,M4,13,11,12,11
25394,987,5,M4,13,11,12,11
25416,987,5,M4,13,11,12,11
25437,987,5,M4,13,11,12,11
25459,987,5,M4,13,11,12,11
25482,987,5,M4,13,11,12,11
25504,987,5,M4,13,11,12,11
25525,987,5,M4,13,11,12,11
25547,987,5,M4,13,11,12,11
25568,987,5,M4,13,11,12,11
25590,987,5,M4,14,12,12,11
25611,987,5,M4,14,12,12,11
25633,987,5,M4,14,12,12,11
25654,987,5,M4,14,12,12,11
25675,987,5,M4,14,12,12,12
25697,987,5,M4,14,12,13,12
25719,987,5,M4,14,12,13,12
25741,987,5,M4,14,12,13,12
25763,987,5,M4,14,12,13,12
25786,987,5,M4,14,12,13,12
25809,987,5,M4,14,12,13,12
25831,987,5,M4,14,12,13,12
25852,987,5,M4,14,12,13,12
25874,987,5,M4,14,12,13,12
25896,987,5,M4,14,12,13,12
25917,987,5,M4,15,12,13,12
25938,987,5,M4,15,12,14,12
25959,987,5,M4,15,12,14,12
25980,987,5,M4,15,13,14,12
26001,987,5,M4,15,13,14,12
26024,987,5,M4,15,13,14,12
26045,987,5,M4,15,13,14,12
26066,987,5,M4,15,13,14,12
26088,987,5,M4,15,13,14,12
26111,987,5,M4,15,13,14,12
26132,987,5,M4,15,13,14,12
26154,987,5,M4,15,13,14,12
26176,987,5,M4,15,13,14,12
26198,987,5,M4,15,13,14,12
26221,987,5,M4,15,13,14,13
26242,987,5,M4,16,13,14,13
26264,987,5,M4,16,13,14,13
26286,987,5,M4,16,13,14,13
26308,987,5,M4,16,13,14,13
26331,987,5,M4,16,13,14,13
26352,987,5,M4,16,13,14,13
26374,987,5,M4,16,13,14,13
26396,987,5,M4,16,13,14,13
26417,987,5,M4,16,13,14,13
26440,987,5,M4,16,13,15,13
26462,987,5,M4,16,13,14,13
26483,987,5,M4,16,13,14,13
26505,987,5,M4,16,13,14,13
26528,987,5,M4,16,14,14,13
26550,987,5,M4,16,14,15,13
26572,987,5,M4,16,14,15,13
26593,987,5,M4,16,14,15,13
26614,987,5,M4,16,14,15,14
26636,987,5,M4,16,14,15,14
26658,987,5,M4,16,14,15,14
26679,987,5,M4,16,14,15,14
26701,987,5,M4,16,14,15,14
26723,987,5,M4,16,14,15,14
26746,987,5,M4,16,14,15,14
26767,987,5,M4,16,14,15,14
26788,987,5,M4,16,14,15,14
26810,987,5,M4,16,14,15,14
26831,987,5,M4,16,14,15,14
26854,987,5,M4,16,14,15,14
26876,987,5,M4,16,14,15,14
26898,987,5,M4,16,14,15,14
26919,987,5,M4,16,14,15,14
26941,987,5,M4,16,14,15,14
26963,987,5,M4,16,14,15,14
26984,987,5,M4,16,14,15,14
27004,987,5,M4,16,14,15,14
27026,987,5,M4,16,14,16,14
27048,987,5,M4,16,14,16,14
27070,987,5,M4,16,14,16,14
27092,987,5,M4,17,14,16,14
27113,987,5,M4,17,14,16,14
27135,987,5,M4,17,14,16,14
27157,987,5,M4,17,14,16,14
27179,987,5,M4,17,14,16,14
27202,987,5,M4,17,14,16,14
27222,987,5,M4,17,14,16,14
27243,987,5,M4,17,14,16,14
27264,987,5,M4,17,14,16,14
27284,987,5,M4,17,15,16,14
27304,987,5,M4,18,15,16,14
27326,987,5,M4,18,15,16,15
27348,987,5,M4,18,15,16,15
27369,987,5,M4,18,15,16,15
27390,987,5,M4,18,15,16,15
27411,987,5,M4,18,15,17,15
27431,987,5,M4,18,15,17,15
27452,987,5,M4,18,15,17,15
27474,987,5,M4,18,16,17,15
27495,987,5,M4,18,16,17,15
27517,987,5,M4,18,16,17,15
27537,987,5,M4,18,16,17,16
27558,987,5,M4,18,16,17,16
27580,987,5,M4,18,16,17,16
27601,987,5,M4,18,16,17,16
27622,987,5,M4,18,16,17,16
27643,987,5,M4,18,16,17,16
27663,987,5,M4,18,16,17,16
27683,987,5,M4,18,16,17,16
27705,987,5,M4,18,16,17,16
27725,987,5,M4,18,16,17,16
27747,987,5,M4,19,16,18,16
27768,987,5,M4,19,16,18,16
27790,987,5,M4,19,16,18,16
27811,987,5,M4,19,16,18,16
27832,987,5,M4,19,16,18,16
27852,987,5,M4,19,16,18,16
27875,987,5,M4,19,16,18,16
27897,987,5,M4,19,16,18,16
27917,987,5,M4,19,16,18,16
27939,987,5,M4,19,16,18,16
27961,987,5,M4,19,16,18,16
27983,987,5,M4,19,16,18,16
28004,987,5,M4,19,16,18,16
28026,987,5,M4,19,16,18,16
28049,987,5,M4,19,16,18,16
28071,987,5,M4,19,16,18,16
28093,987,5,M4,19,16,18,16
28115,987,5,M4,19,16,18,16
28136,987,5,M4,19,16,18,16
28158,987,5,M4,19,16,18,16
28179,987,5,M4,19,16,18,16
28200,987,5,M4,19,16,18,16
28220,987,5,M4,19,16,18,16
28243,987,5,M4,19,16,18,16
28264,987,5,M4,19,16,18,16
28286,987,5,M4,19,16,18,16
28307,987,5,M4,19,16,18,16
28327,987,5,M4,19,16,18,17
28349,987,5,M4,20,17,18,17
28369,987,5,M4,20,17,18,17
28390,987,5,M4,20,17,18,17
28412,987,5,M4,20,17,19,17
28433,987,5,M4,20,17,19,17
28455,987,5,M4,20,17,19,17
28475,987,5,M4,20,17,19,17
28495,987,5,M4,20,17,19,17
28516,987,5,M4,20,17,19,17
28536,987,5,M4,20,17,19,17
28558,987,5,M4,20,17,19,17
28579,987,5,M4,20,18,19,17
28599,987,5,M4,20,18,19,17
28620,987,5,M4,20,18,19,17
28641,987,5,M4,20,18,19,17
28664,987,5,M4,20,18,19,17
28686,987,5,M4,20,18,19,18
28707,987,5,M4,20,18,19,18
28728,987,5,M4,20,18,19,18
28749,987,5,M4,20,18,19,18
28772,987,5,M4,20,18,19,18
28794,987,5,M4,21,18,20,18
28814,987,5,M4,21,18,20,18
28836,987,5,M4,21,18,20,18
28857,987,5,M4,21,18,20,18
28877,987,5,M4,21,18,20,18
28899,987,5,M4,21,18,20,18
28920,987,5,M4,21,18,20,18
28940,987,5,M4,21,18,20,18
28960,987,5,M4,21,18,20,18
28983,987,5,M4,21,19,20,18
29004,987,5,M4,21,19,20,18
29025,987,5,M4,21,19,20,18
29046,987,5,M4,22,19,20,18
29069,987,5,M4,22,19,20,19
29089,987,5,M4,22,19,20,19
29110,987,5,M4,22,19,20,19
29132,987,5,M4,22,19,20,19
29153,987,5,M4,22,19,20,19
29175,987,5,M4,22,19,20,19
29197,987,5,M4,22,19,21,19
29217,987,5,M4,22,19,21,19
29239,987,5,M4,22,19,21,19
29260,987,5,M4,22,20,21,19
29282,987,5,M4,22,20,21,19
29303,987,5,M4,22,20,21,19
29322,987,5,M4,22,20,21,19
29344,987,5,M4,22,20,21,19
29365,987,5,M4,22,20,21,19
29387,987,5,M4,22,20,21,19
29408,987,5,M4,22,20,21,19
29429,987,5,M4,22,20,21,19
29450,987,5,M4,23,20,21,19
29471,987,5,M4,23,20,21,19
29492,987,5,M4,23,20,21,19
29513,987,5,M4,23,20,21,20
29533,987,5,M4,23,20,21,20
29554,987,5,M4,23,20,21,20
29574,987,5,M4,23,20,21,20
29595,987,5,M4,23,20,21,20
29616,987,5,M4,23,20,21,20
29639,987,5,M4,23,20,21,20
29660,987,5,M4,23,20,21,20
29682,987,5,M4,23,20,21,20
29704,987,5,M4,23,20,21,20
29725,987,5,M4,23,20,21,20
29746,987,5,M4,23,20,21,20
29768,987,5,M4,23,20,21,20
29789,987,5,M4,23,20,21,20
29809,987,5,M4,23,20,21,20
29830,987,5,M4,23,20,22,20
29851,987,5,M4,23,20,22,20
29873,987,5,M4,23,21,22,20
29895,987,5,M4,23,21,22,20
29915,987,5,M4,23,21,22,20
29935,987,5,M4,23,21,22,20
29957,987,5,M4,23,21,22,20
29978,987,5,M4,23,21,22,20
30000,987,5,M4,23,21,22,20
30021,987,5,M4,23,21,22,20
30042,987,5,M4,23,21,22,20
30064,987,5,M4,23,21,22,20
30086,987,5,M4,23,21,22,20
30107,987,5,M4,23,21,22,20
30128,987,5,M4,24,21,22,20
30151,987,5,M4,24,21,22,20
30172,987,5,M4,24,21,22,20
30194,987,5,M4,24,21,22,21
30215,987,5,M4,24,21,23,21
30236,987,5,M4,24,21,23,21
30256,987,5,M4,24,21,23,21
30278,987,5,M4,24,21,23,21
30300,987,5,M4,24,21,23,21
30323,987,5,M4,25,22,23,21
30344,987,5,M4,25,22,23,21
30365,987,5,M4,25,22,23,21
30385,987,5,M4,25,22,23,21
30406,987,5,M4,25,22,23,21
30427,987,5,M4,25,22,23,21
30447,987,5,M4,25,22,23,21
30467,987,5,M4,25,22,23,21
30488,987,5,M4,25,23,23,21
30510,987,5,M4,25,23,23,21
30532,987,5,M4,25,23,23,21
30553,987,5,M4,25,23,24,21
30574,987,5,M4,25,23,24,21
30595,987,5,M4,25,23,24,21
30618,987,5,M4,25,23,24,21
30639,987,5,M4,25,23,24,21
30661,987,5,M4,25,23,24,22
30683,987,5,M4,25,23,24,22
30705,987,5,M4,25,23,24,22
30727,987,5,M4,26,23,24,22
30748,987,5,M4,26,23,24,22
30769,987,5,M4,26,23,24,22
30789,987,5,M4,26,23,24,22
30810,987,5,M4,26,23,24,22
30832,987,5,M4,26,23,24,22
30854,987,5,M4,26,23,24,22
30875,987,5,M4,26,23,24,22
30896,987,5,M4,26,23,24,22
30917,987,5,M4,26,23,24,22
30940,987,5,M4,26,23,24,22
30961,987,5,M4,26,23,24,22
30982,987,5,M4,26,23,24,22
31004,987,5,M4,26,23,25,22
31026,987,5,M4,26,23,25,22
31048,987,5,M4,26,23,25,23
31070,987,5,M4,26,23,25,23
31090,987,5,M4,26,23,25,23
31110,987,5,M4,26,23,25,23
31132,987,5,M4,26,23,25,23
31154,987,5,M4,26,23,25,23
31175,987,5,M4,26,23,25,23
31196,987,5,M4,26,23,25,23
31217,987,5,M4,26,23,25,23
31239,987,5,M4,26,23,25,23
31261,987,5,M4,26,23,25,23
31283,987,5,M4,26,23,25,23
31304,987,5,M4,26,23,25,23
31325,987,5,M4,26,23,25,23
31348,987,5,M4,27,23,25,23
31370,987,5,M4,27,24,25,23
31392,987,5,M4,27,24,25,23
31414,987,5,M4,27,24,25,23
31436,987,5,M4,27,24,25,23
31459,987,5,M4,27,24,25,23
31480,987,5,M4,27,24,25,23
31501,987,5,M4,27,24,25,23
31523,987,5,M4,27,24,25,23
31545,987,5,M4,27,24,25,23
31566,987,5,M4,27,24,25,23
31588,987,5,M4,27,24,25,23
31609,987,5,M4,27,24,25,23
31631,987,5,M4,27,24,25,23
31651,987,5,M4,27,24,26,23
31674,987,5,M4,27,24,26,23
31696,987,5,M4,27,24,26,23
31717,987,5,M4,27,24,26,23
31738,987,5,M4,27,24,26,23
31760,987,5,M4,27,24,26,23
31782,987,5,M4,27,25,26,24
31804,987,5,M4,28,25,26,24
31826,987,5,M4,28,25,26,24
31847,987,5,M4,28,25,26,24
31869,987,5,M4,28,25,26,24
31891,987,5,M4,28,25,26,24
31913,987,5,M4,28,25,27,24
31934,987,5,M4,28,25,27,24
31955,987,5,M4,29,25,27,24
31977,987,5,M4,29,25,27,24
31999,987,5,M4,29,26,27,25
32021,987,5,M4,29,26,27,25
32042,987,5,M4,29,26,27,25
32064,987,5,M4,29,26,27,25
32085,987,5,M4,29,26,27,25
32106,987,5,M4,29,26,27,25
32127,987,5,M4,29,26,27,25
32149,987,5,M4,29,26,27,25
32170,987,5,M4,29,26,27,25
32193,987,5,M4,29,26,27,25
32214,987,5,M4,29,26,27,25
32236,987,5,M4,29,26,27,25
32257,987,5,M4,29,26,27,25
32278,987,5,M4,29,26,27,25
32300,987,5,M4,29,26,27,25
32321,987,5,M4,29,26,27,25
32343,987,5,M4,29,26,27,25
32365,987,5,M4,29,26,28,25
32387,987,5,M4,29,26,28,25
32409,987,5,M4,29,26,28,25
32430,987,5,M4,29,26,28,25
32451,987,5,M4,29,27,28,25
32473,987,5,M4,29,27,28,25
32495,987,5,M4,30,27,28,25
32517,987,5,M4,30,27,28,25
32539,987,5,M4,30,27,28,25
32561,987,5,M4,30,27,28,25
32584,987,5,M4,30,27,28,25
32607,987,5,M4,30,27,28,25
32629,987,5,M4,30,27,28,25
32650,987,5,M4,30,27,28,26
32672,987,5,M4,30,27,28,26
32693,987,5,M4,30,27,28,26
32716,987,5,M4,30,27,28,26
32738,987,5,M4,30,27,28,26
32759,987,5,M4,30,27,28,26
32780,987,5,M4,30,27,28,26
32802,987,5,M4,30,27,28,26
32825,987,5,M4,30,27,28,26
32847,987,5,M4,30,27,28,26
32869,987,5,M4,30,27,28,26
32890,987,5,M4,30,27,28,26
32911,987,5,M4,30,27,29,26
32933,987,5,M4,30,27,29,26
32955,987,5,M4,30,27,29,26
32975,987,5,M4,30,27,29,26
32997,987,5,M4,30,27,29,26
33019,987,5,M4,30,27,29,26
33042,987,5,M4,30,27,29,26
33064,987,5,M4,30,27,29,26
33086,987,5,M4,30,27,29,26
33108,987,5,M4,31,28,29,26
33129,987,5,M4,30,28,29,26
33152,987,5,M4,30,28,29,26
33174,987,5,M4,30,28,29,27
33194,987,5,M4,30,28,29,27
33216,987,5,M4,31,28,29,27
33239,987,5,M4,31,28,29,27
33261,987,5,M4,31,28,29,27
33282,987,5,M4,31,28,29,27
33304,987,5,M4,31,28,29,27
33326,987,5,M4,31,28,29,27
33348,987,5,M4,31,28,29,27
33370,987,5,M4,31,29,29,27
33391,987,5,M4,31,29,29,27
33413,987,5,M4,31,29,29,27
33435,987,5,M4,32,29,30,27
33456,987,5,M4,32,29,30,27
33478,987,5,M4,32,29,30,27
33499,987,5,M4,32,29,30,27
33521,987,5,M4,32,29,30,27
33543,987,5,M4,32,29,30,27
33566,987,5,M4,32,29,30,27
33587,987,5,M4,32,29,30,27
33608,987,5,M4,32,29,30,27
33630,987,5,M4,32,29,30,27
33651,987,5,M4,32,29,30,27
33675,987,5,M4,32,29,30,27
33697,987,5,M4,32,29,30,28
33718,987,5,M4,32,29,30,28
33739,987,5,M4,32,29,30,28
33761,987,5,M4,32,29,30,28
33784,987,5,M4,32,29,31,28
33806,987,5,M4,32,29,30,28
33826,987,5,M4,32,30,31,28
33847,987,5,M4,32,30,30,28
33869,987,5,M4,32,30,30,28
33890,987,5,M4,32,30,30,28
33912,987,5,M4,32,30,30,28
33933,987,5,M4,32,30,30,28
33954,987,5,M4,32,30,30,28
33977,987,5,M4,32,30,31,28
33997,987,5,M4,32,30,30,28
34019,987,5,M4,32,30,30,28
34040,987,5,M4,32,30,30,28
34061,987,5,M4,33,30,31,28
34084,987,5,M4,33,30,31,28
34105,987,5,M4,33,30,31,28
34127,987,5,M4,33,30,31,28
34149,987,5,M4,33,30,31,28
34171,987,5,M4,33,30,31,28
34194,987,5,M4,33,30,31,28
34216,987,5,M4,33,30,31,28
34238,987,5,M4,33,30,31,28
34260,987,5,M4,33,30,31,28
34282,987,5,M4,33,30,31,28
34305,987,5,M4,33,30,31,29
34327,987,5,M4,33,30,31,29
34349,987,5,M4,33,30,31,29
34370,987,5,M4,33,30,31,29
34391,987,5,M4,33,30,31,29
34412,987,5,M4,33,30,31,29
34434,987,5,M4,33,30,31,29
34454,987,5,M4,33,30,31,29
34475,987,5,M4,33,30,31,29
34497,987,5,M4,33,30,31,29
34521,987,5,M4,33,30,31,29
34542,987,5,M4,33,30,31,29
34563,987,5,M4,33,30,31,29
34585,987,5,M4,33,30,32,29
34608,987,5,M4,33,30,32,29
34629,987,5,M4,33,31,32,29
34651,987,5,M4,33,30,32,29
34672,987,5,M4,33,30,32,29
34694,987,5,M4,34,31,32,29
34716,987,5,M4,34,31,32,29
34738,987,5,M4,34,31,32,29
34760,987,5,M4,34,31,32,29
34782,987,5,M4,34,31,32,29
34803,987,5,M4,34,31,32,29
34826,987,5,M4,34,31,32,29
34848,987,5,M4,34,31,32,29
34871,987,5,M4,34,31,32,29
34893,987,5,M4,34,31,32,29
34915,987,5,M4,34,31,32,30
34937,987,5,M4,34,31,32,30
34957,987,5,M4,34,31,32,30
34978,987,5,M4,34,32,32,30
35000,987,5,M4,34,32,33,30
35021,987,5,M4,34,32,33,30
35044,987,5,M4,35,32,33,30
35065,987,5,M4,35,32,33,30
35086,987,5,M4,35,32,33,30
35107,987,5,M4,35,32,33,30
35129,987,5,M4,35,32,33,30
35152,987,5,M4,35,32,33,30
35174,987,5,M4,35,32,33,30
35196,987,5,M4,35,32,33,30
35218,987,5,M4,35,32,33,30
35238,987,5,M4,35,32,33,30
35259,987,5,M4,35,32,33,30
35280,987,5,M4,35,32,33,31
35302,987,5,M4,35,32,33,30
35323,987,5,M4,35,32,34,30
35343,987,5,M4,35,32,34,31
35366,987,5,M4,36,32,34,31
35388,987,5,M4,36,32,34,31
35409,987,5,M4,36,32,34,31
35430,987,5,M4,36,32,34,31
35452,987,5,M4,36,32,34,31
35474,987,5,M4,36,32,34,31
35496,987,5,M4,36,32,34,31
35517,987,5,M4,36,32,34,31
35538,987,5,M4,36,32,34,31
35561,987,5,M4,36,32,34,31
35582,987,5,M4,36,33,34,31
35606,987,5,M4,36,33,34,31
35627,987,5,M4,36,33,34,31
35649,987,5,M4,36,33,34,31
35671,987,5,M4,36,33,34,31
35692,987,5,M4,36,33,34,31
35714,987,5,M4,36,33,34,31
35735,987,5,M4,36,33,34,31
35757,987,5,M4,36,33,34,31
35779,987,5,M4,36,33,34,31
35801,987,5,M4,36,33,34,31
35822,987,5,M4,36,33,34,31
35843,987,5,M4,36,33,34,31
35865,987,5,M4,36,33,34,31
35887,987,5,M4,36,33,34,31
35909,987,5,M4,36,33,34,32
35930,987,5,M4,36,33,34,32
35952,987,5,M4,36,33,34,32
35975,987,5,M4,36,33,35,32
35996,987,5,M4,36,33,35,32
36016,987,5,M4,36,33,35,32
36037,987,5,M4,36,33,35,32
36059,987,5,M4,36,33,35,32
36081,987,5,M4,36,33,35,32
36101,987,5,M4,36,33,35,32
36121,987,5,M4,36,33,35,32
36141,987,5,M4,36,33,35,32
36161,987,5,M4,36,33,35,32
36183,987,5,M4,36,33,35,32
36205,987,5,M4,0,0,0,0
36226,987,5,M4,0,0,0,0
36246,987,5,M4,0,0,0,0
36268,987,5,M4,0,0,0,0
36291,987,5,M4,0,0,0,0
36313,987,5,M4,0,0,0,0
36335,987,5,M4,0,0,0,0
36356,987,5,M4,0,0,0,0
36378,987,5,M4,0,0,0,0
36402,987,5,M4,0,0,0,0
36423,987,5,M4,0,0,0,0
36444,987,5,M4,0,0,0,0
36465,987,5,M4,0,0,0,0
36487,987,5,M4,0,0,0,0
36509,987,5,M4,0,0,0,0
36531,987,5,M4,0,0,0,0
36552,987,5,M4,0,0,0,0
36573,987,5,M4,0,0,0,0
36594,987,5,M4,0,0,0,0
36617,987,5,M4,0,0,0,0
36637,987,5,M4,0,0,0,0
36658,987,5,M4,0,0,0,0
36679,987,5,M4,0,0,0,0
36702,987,5,M4,0,0,0,0
36723,987,5,M4,0,0,0,0
36745,987,5,M4,0,0,0,0
36767,987,5,M4,0,0,1,0
36789,987,5,M4,0,0,1,0
36813,987,5,M4,0,0,1,1
36835,987,5,M4,0,0,1,1
36856,987,5,M4,1,0,1,1
36878,987,5,M4,1,0,1,1
36900,987,5,M4,1,0,1,1
36921,987,5,M4,1,1,1,1
36943,987,5,M4,1,1,1,1
36965,987,5,M4,1,1,1,1
36986,987,5,M4,1,1,1,1
37008,987,5,M4,1,1,1,1
37031,987,5,M4,1,1,1,1
37052,987,5,M4,1,1,1,1
37074,987,5,M4,1,1,1,1
37095,987,5,M4,1,1,1,1
37116,987,5,M4,1,1,1,1
37139,987,5,M4,1,1,1,1
37160,987,5,M4,1,1,1,1
37182,987,5,M4,1,1,1,1
37204,987,5,M4,1,1,2,1
37227,987,5,M4,1,1,2,1
37249,987,5,M4,1,1,2,1
37271,987,5,M4,1,1,2,1
37292,987,5,M4,1,1,2,1
37314,987,5,M4,2,1,2,1
37336,987,5,M4,2,1,2,2
37359,987,5,M4,2,1,2,2
37381,987,5,M4,2,1,2,2
37403,987,5,M4,2,1,2,2
37425,987,5,M4,2,1,2,2
37446,987,5,M4,2,1,2,2
37468,987,5,M4,2,1,2,2
37490,987,5,M4,2,1,2,2
37512,987,5,M4,2,1,2,2
37534,987,5,M4,2,1,2,2
37557,987,5,M4,2,1,2,2
37578,987,5,M4,2,1,2,2
37600,987,5,M4,2,1,2,2
37621,987,5,M4,2,1,2,2
37643,987,5,M4,2,1,2,2
37666,987,5,M4,2,1,2,2
37687,987,5,M4,2,1,2,2
37709,987,5,M4,2,1,2,2
37731,987,5,M4,2,1,2,2
37753,987,5,M4,2,1,2,2
37776,987,5,M4,2,1,2,2
37796,987,5,M4,3,2,3,2
37818,987,5,M4,3,2,3,2
37840,987,5,M4,3,2,3,2
37862,987,5,M4,3,2,3,2
37885,987,5,M4,3,2,3,2
37906,987,5,M4,3,2,3,3
37928,987,5,M4,3,2,3,3
37949,987,5,M4,3,2,3,3
37970,987,5,M4,3,2,3,3
37993,987,5,M4,3,2,3,3
38014,987,5,M4,3,2,3,3
38036,987,5,M4,3,3,3,3
38058,987,5,M4,3,3,3,3
38080,987,5,M4,3,3,3,3
38102,987,5,M4,3,3,3,3
38124,987,5,M4,3,3,3,3
38146,987,5,M4,3,3,3,3
38168,987,5,M4,3,3,3,3
38191,987,5,M4,3,3,3,3
38213,987,5,M4,3,3,3,3
38235,987,5,M4,3,3,3,3
38259,987,5,M4,4,3,3,3
38282,987,5,M4,4,3,4,3
38304,987,5,M4,4,3,4,3
38326,987,5,M4,4,3,4,3
38347,987,5,M4,4,3,4,3
38369,987,5,M4,4,3,4,3
38390,987,5,M4,4,3,4,3
38412,987,5,M4,4,4,4,4
38434,987,5,M4,4,4,4,4
38456,987,5,M4,4,4,4,4
38478,987,5,M4,5,4,4,4
38499,987,5,M4,5,4,5,4
38521,987,5,M4,5,4,5,4
38543,987,5,M4,5,4,5,4
38564,987,5,M4,5,4,5,4
38585,987,5,M4,5,4,5,4
38607,987,5,M4,5,4,5,4
38628,987,5,M4,5,4,5,4
38650,987,5,M4,5,4,5,4
38672,987,5,M4,5,4,5,4
38693,987,5,M4,5,4,5,4
38716,987,5,M4,5,5,5,4
38737,987,5,M4,5,5,5,4
38759,987,5,M4,5,5,5,4
38780,987,5,M4,5,5,5,4
38802,987,5,M4,5,5,5,5
38825,987,5,M4,5,5,5,5
38846,987,5,M4,5,5,5,5
38867,987,5,M4,5,5,5,5
38888,987,5,M4,5,5,5,5
38909,987,5,M4,5,5,5,5
38933,987,5,M4,5,5,5,5
38955,987,5,M4,5,5,5,5
38975,987,5,M4,5,5,5,5
38997,987,5,M4,5,5,5,5
39018,987,5,M4,5,5,5,5
39041,987,5,M4,5,5,5,5
39063,987,5,M4,5,5,5,5
39084,987,5,M4,5,5,5,5
39106,987,5,M4,5,5,5,5
39127,987,5,M4,5,5,5,5
39149,987,5,M4,5,5,5,5
39170,987,5,M4,5,5,5,5
39192,987,5,M4,5,5,5,5
39213,987,5,M4,5,5,5,5
39236,987,5,M4,5,5,5,5
39258,987,5,M4,5,5,5,5
39281,987,5,M4,5,5,6,5
39303,987,5,M4,6,5,6,5
39325,987,5,M4,6,5,6,5
39348,987,5,M4,6,5,6,5
39369,987,5,M4,6,5,6,5
39390,987,5,M4,6,5,6,5
39412,987,5,M4,6,5,6,5
39433,987,5,M4,6,5,6,5
39454,987,5,M4,6,5,6,5
39475,987,5,M4,6,5,6,5
39497,987,5,M4,6,5,6,5
39519,987,5,M4,6,5,6,6
39541,987,5,M4,6,5,6,6
39563,987,5,M4,6,6,6,6
39584,987,5,M4,7,6,6,6
39597,987,5,M4,7,6,6,6
39618,987,5,M4,7,6,7,6
39641,987,5,M4,7,6,7,6
39663,987,5,M4,7,6,7,6
39684,987,5,M4,7,6,7,6
39706,987,5,M4,7,6,7,6
39729,987,5,M4,7,6,7,6
39751,987,5,M4,7,6,7,6
39773,987,5,M4,7,6,7,6
39795,987,5,M4,7,7,7,7
39816,987,5,M4,7,7,7,7
39839,987,5,M4,7,7,7,7
39861,987,5,M4,7,7,7,7
39881,987,5,M4,8,7,7,7
39903,987,5,M4,8,7,7,7
39925,987,5,M4,8,7,7,7
39948,987,5,M4,8,7,7,7
39969,987,5,M4,8,7,8,7
39991,987,5,M4,8,7,8,7
40014,987,5,M4,8,7,8,7
40035,987,5,M4,8,7,8,7
40057,987,5,M4,8,7,8,7
40079,987,5,M4,8,7,8,7
40100,987,5,M4,8,7,8,7
40122,987,5,M4,8,7,8,7
40144,987,5,M4,8,7,8,7
40166,987,5,M4,9,7,8,7
40187,987,5,M4,9,7,8,7
40209,987,5,M4,9,7,8,7
40230,987,5,M4,9,7,8,7
40251,987,5,M4,9,7,8,7
40274,987,5,M4,9,7,8,7
40295,987,5,M4,9,7,8,7
40317,987,5,M4,9,7,8,7
40339,987,5,M4,9,7,8,7
40361,987,5,M4,9,8,8,8
40383,987,5,M4,9,8,8,8
40406,987,5,M4,9,8,9,8
40428,987,5,M4,9,8,9,8
40449,987,5,M4,9,8,9,8
40470,987,5,M4,9,8,9,8
40492,987,5,M4,9,8,9,8
40513,987,5,M4,9,8,9,8
40534,987,5,M4,9,8,9,8
40556,987,5,M4,9,8,9,8
40579,987,5,M4,9,8,9,8
40601,987,5,M4,9,8,9,8
40622,987,5,M4,9,8,9,8
40644,987,5,M4,9,8,9,8
40665,987,5,M4,9,8,9,8
40687,987,5,M4,9,8,9,8
40709,987,5,M4,9,8,9,8
40731,987,5,M4,9,8,9,8
40752,987,5,M4,9,8,9,8
40775,987,5,M4,9,9,9,8
40796,987,5,M4,9,9,9,8
40817,987,5,M4,9,9,9,9
40839,987,5,M4,9,9,9,9
40861,987,5,M4,9,9,9,9
40883,987,5,M4,9,9,9,9
40906,987,5,M4,9,9,9,9
40928,987,5,M4,9,9,9,9
40949,987,5,M4,9,9,9,9
40970,987,5,M4,9,9,9,9
40993,987,5,M4,9,9,9,9
41013,987,5,M4,10,9,9,9
41034,987,5,M4,10,9,9,9
41055,987,5,M4,10,9,9,9
41077,987,5,M4,10,9,10,9
41100,987,5,M4,10,9,10,9
41122,987,5,M4,10,9,10,9
41145,987,5,M4,10,9,10,9
41167,987,5,M4,10,9,10,9
41189,987,5,M4,10,9,10,9
41210,987,5,M4,11,9,10,9
41230,987,5,M4,10,9,10,9
41252,987,5,M4,10,9,10,9
41273,987,5,M4,10,10,10,9
41295,987,5,M4,10,10,10,9
41317,987,5,M4,11,10,11,9
41337,987,5,M4,11,10,10,10
41358,987,5,M4,11,10,11,10
41380,987,5,M4,11,10,10,10
41401,987,5,M4,11,10,10,10
41423,987,5,M4,11,10,10,10
41445,987,5,M4,11,10,11,10
41467,987,5,M4,11,10,11,10
41489,987,5,M4,11,10,11,10
41511,987,5,M4,11,10,11,10
41532,987,5,M4,11,10,11,10
41553,987,5,M4,11,10,11,10
41575,987,5,M4,11,10,11,10
41597,987,5,M4,11,10,11,10
41618,987,5,M4,11,10,11,10
41641,987,5,M4,12,11,11,10
41662,987,5,M4,12,10,11,10
41684,987,5,M4,12,11,11,10
41706,987,5,M4,12,11,11,10
41728,987,5,M4,12,11,11,10
41750,987,5,M4,12,11,11,10
41770,987,5,M4,12,11,11,10
41791,987,5,M4,12,11,11,11
41813,987,5,M4,12,11,11,11
41836,987,5,M4,12,11,11,11
41856,987,5,M4,12,11,12,10
41877,987,5,M4,12,11,12,10
41899,987,5,M4,12,11,12,10
41921,987,5,M4,12,11,12,11
41944,987,5,M4,12,11,12,11
41964,987,5,M4,12,11,12,11
41986,987,5,M4,12,11,12,11
42007,987,5,M4,12,11,12,11
42028,987,5,M4,12,11,12,11
42050,987,5,M4,12,11,12,11
42072,987,5,M4,12,11,12,11
42094,987,5,M4,12,11,12,11
42115,987,5,M4,12,11,12,11
42138,987,5,M4,12,11,12,11
42159,987,5,M4,12,11,12,11
42181,987,5,M4,12,11,12,11
42203,987,5,M4,12,11,12,11
42225,987,5,M4,12,11,12,11
42247,987,5,M4,12,11,12,11
42270,987,5,M4,12,11,12,11
42292,987,5,M4,13,11,12,11
42313,987,5,M4,13,11,12,11
42335,987,5,M4,13,11,12,11
42355,987,5,M4,13,11,12,11
42376,987,5,M4,13,11,12,11
42398,987,5,M4,13,11,12,11
42420,987,5,M4,13,11,12,11
42441,987,5,M4,13,11,12,11
42463,987,5,M4,13,12,12,11
42485,987,5,M4,13,12,12,12
42506,987,5,M4,13,12,12,12
42527,987,5,M4,13,12,13,12
42549,987,5,M4,13,12,13,12
42571,987,5,M4,13,12,13,12
42593,987,5,M4,13,12,13,12
42615,987,5,M4,13,12,13,12
42636,987,5,M4,13,12,13,12
42656,987,5,M4,13,12,13,12
42677,987,5,M4,13,12,13,12
42699,987,5,M4,14,12,13,12
42720,987,5,M4,14,12,13,12
42742,987,5,M4,14,13,13,12
42765,987,5,M4,14,13,13,12
42786,987,5,M4,14,13,13,12
42808,987,5,M4,14,13,14,12
42829,987,5,M4,14,13,14,12
42850,987,5,M4,14,13,14,12
42872,987,5,M4,14,13,14,12
42894,987,5,M4,14,13,14,13
42916,987,5,M4,14,13,14,13
42937,987,5,M4,14,13,14,13
42959,987,5,M4,15,13,14,13
42981,987,5,M4,15,13,14,13
43003,987,5,M4,15,13,14,13
43025,987,5,M4,15,13,14,13
43046,987,5,M4,15,13,14,13
43068,987,5,M4,15,13,14,13
43091,987,5,M4,15,13,14,13
43112,987,5,M4,15,13,14,13
43134,987,5,M4,15,14,14,13
43154,987,5,M4,15,14,14,13
43176,987,5,M4,15,14,14,13
43198,987,5,M4,15,14,14,13
43220,987,5,M4,15,14,14,13
43242,987,5,M4,15,14,14,13
43264,987,5,M4,15,14,14,13
43285,987,5,M4,15,14,14,13
43307,987,5,M4,15,14,15,14
43328,987,5,M4,15,14,15,14
43350,987,5,M4,15,14,15,14
43370,987,5,M4,16,14,15,14
43392,987,5,M4,16,14,15,14
43415,987,5,M4,16,14,15,14
43437,987,5,M4,16,14,15,14
43459,987,5,M4,16,14,15,14
43481,987,5,M4,16,14,15,14
43503,987,5,M4,16,14,15,14
43526,987,5,M4,16,14,15,14
43548,987,5,M4,16,14,15,14
43570,987,5,M4,16,14,15,14
43592,987,5,M4,16,14,15,14
43614,987,5,M4,16,14,15,14
43636,987,5,M4,16,14,15,14
43657,987,5,M4,16,14,15,14
43678,987,5,M4,16,14,15,14
43700,987,5,M4,16,14,15,14
43721,987,5,M4,16,14,15,14
43744,987,5,M4,16,14,15,14
43766,987,5,M4,16,14,15,14
43788,987,5,M4,16,14,15,14
43809,987,5,M4,16,14,15,14
43831,987,5,M4,16,14,15,14
43852,987,5,M4,16,14,15,14
43873,987,5,M4,16,14,15,14
43895,987,5,M4,16,14,16,14
43916,987,5,M4,16,14,16,14
43939,987,5,M4,16,14,16,14
43961,987,5,M4,16,14,16,14
43982,987,5,M4,16,14,16,14
44004,987,5,M4,16,15,16,14
44026,987,5,M4,16,15,16,14
44049,987,5,M4,16,15,16,14
44070,987,5,M4,16,15,16,14
44092,987,5,M4,17,15,16,14
44114,987,5,M4,17,15,16,15
44135,987,5,M4,17,15,16,15
44156,987,5,M4,17,15,16,15
44178,987,5,M4,17,15,16,15
44200,987,5,M4,17,15,16,15
44221,987,5,M4,17,15,16,15
44243,987,5,M4,17,16,16,15
44265,987,5,M4,17,16,16,15
44287,987,5,M4,17,16,16,15
44309,987,5,M4,18,16,16,15
44331,987,5,M4,18,16,17,15
44352,987,5,M4,18,16,17,15
44374,987,5,M4,18,16,17,15
44396,987,5,M4,18,16,17,16
44419,987,5,M4,18,16,17,16
44440,987,5,M4,18,16,17,16
44462,987,5,M4,18,16,17,16
44484,987,5,M4,18,16,17,16
44505,987,5,M4,18,16,17,16
44527,987,5,M4,18,16,17,16
44547,987,5,M4,18,16,17,16
44570,987,5,M4,18,16,17,16
44591,987,5,M4,18,16,17,16
44612,987,5,M4,18,16,17,16
44633,987,5,M4,18,16,17,16
44654,987,5,M4,18,17,18,16
44677,987,5,M4,18,17,18,16
44698,987,5,M4,18,17,18,16
44720,987,5,M4,18,17,18,16
44742,987,5,M4,18,17,18,16
44765,987,5,M4,18,17,18,16
44787,987,5,M4,18,17,18,16
44808,987,5,M4,19,17,18,16
44830,987,5,M4,19,17,18,16
44851,987,5,M4,19,17,18,16
44872,987,5,M4,19,17,18,16
44893,987,5,M4,19,17,18,16
44915,987,5,M4,19,17,18,16
44935,987,5,M4,19,17,18,16
44956,987,5,M4,19,17,18,16
44978,987,5,M4,19,17,18,17
45000,987,5,M4,19,17,18,17
45021,987,5,M4,19,17,18,17
45043,987,5,M4,19,17,18,17
45065,987,5,M4,19,17,18,17
45087,987,5,M4,19,17,18,17
45110,987,5,M4,19,17,18,17
45131,987,5,M4,19,17,18,17
45153,987,5,M4,19,17,18,17
45174,987,5,M4,19,17,18,17
45195,987,5,M4,19,17,18,17
45217,987,5,M4,19,17,18,17
45239,987,5,M4,19,17,18,17
45260,987,5,M4,19,17,18,17
45282,987,5,M4,19,17,18,17
45305,987,5,M4,19,18,18,17
45326,987,5,M4,20,18,19,17
45348,987,5,M4,20,18,19,17
45370,987,5,M4,20,18,19,17
45391,987,5,M4,20,18,19,17
45413,987,5,M4,20,18,19,17
45435,987,5,M4,20,18,19,17
45457,987,5,M4,20,18,19,17
45478,987,5,M4,20,18,19,17
45499,987,5,M4,20,18,19,17
45522,987,5,M4,20,18,19,18
45543,987,5,M4,20,18,19,18
45566,987,5,M4,20,18,19,18
45588,987,5,M4,20,18,19,18
45609,987,5,M4,20,18,19,18
45632,987,5,M4,20,18,19,18
45653,987,5,M4,20,18,19,18
45675,987,5,M4,20,18,19,18
45696,987,5,M4,20,18,19,18
45717,987,5,M4,20,18,19,18
45739,987,5,M4,20,18,20,18
45760,987,5,M4,21,19,20,18
45782,987,5,M4,21,19,20,18
45804,987,5,M4,21,19,20,18
45825,987,5,M4,21,19,20,18
45846,987,5,M4,21,19,20,18
45867,987,5,M4,21,19,20,18
45887,987,5,M4,21,19,20,18
45908,987,5,M4,21,19,20,18
45929,987,5,M4,21,19,20,18
45952,987,5,M4,21,19,20,19
45973,987,5,M4,21,19,20,19
45994,987,5,M4,21,20,20,19
46016,987,5,M4,21,20,20,19
46039,987,5,M4,21,20,20,19
46059,987,5,M4,21,20,20,19
46082,987,5,M4,21,20,20,19
46104,987,5,M4,21,20,20,19
46125,987,5,M4,21,20,20,19
46146,987,5,M4,21,20,20,19
46168,987,5,M4,21,20,21,19
46190,987,5,M4,22,20,21,19
46212,987,5,M4,22,20,21,19
46233,987,5,M4,22,20,21,19
46255,987,5,M4,22,20,21,19
46277,987,5,M4,22,20,21,19
46298,987,5,M4,22,20,21,19
46319,987,5,M4,22,20,21,19
46339,987,5,M4,22,20,21,19
46362,987,5,M4,22,20,21,19
46383,987,5,M4,22,20,21,20
46404,987,5,M4,22,20,21,20
46425,987,5,M4,22,20,21,20
46447,987,5,M4,22,20,21,20
46470,987,5,M4,22,20,21,20
46491,987,5,M4,22,20,21,20
46512,987,5,M4,22,20,21,20
46533,987,5,M4,22,20,21,20
46555,987,5,M4,22,20,21,20
46577,987,5,M4,22,20,21,20
46599,987,5,M4,22,20,21,20
46620,987,5,M4,22,20,21,20
46642,987,5,M4,22,20,21,20
46664,987,5,M4,22,20,21,20
46687,987,5,M4,22,20,21,20
46709,987,5,M4,22,20,21,20
46731,987,5,M4,22,20,22,20
46753,987,5,M4,22,20,21,20
46775,987,5,M4,22,20,21,20
46796,987,5,M4,23,21,22,20
46817,987,5,M4,23,21,22,20
46839,987,5,M4,23,21,22,20
46861,987,5,M4,23,21,22,20
46884,987,5,M4,23,21,22,20
46906,987,5,M4,23,21,22,20
46928,987,5,M4,23,21,22,20
46949,987,5,M4,23,21,22,20
46971,987,5,M4,23,21,22,20
46992,987,5,M4,23,21,22,20
47014,987,5,M4,23,21,22,21
47036,987,5,M4,23,21,22,21
47057,987,5,M4,23,21,22,21
47079,987,5,M4,23,21,22,21
47101,987,5,M4,23,21,22,21
47122,987,5,M4,23,21,22,21
47143,987,5,M4,23,21,23,21
47165,987,5,M4,23,21,23,21
47186,987,5,M4,23,21,23,21
47209,987,5,M4,23,21,23,21
47230,987,5,M4,23,21,23,21
47252,987,5,M4,24,22,23,21
47273,987,5,M4,24,22,23,21
47295,987,5,M4,24,22,23,21
47317,987,5,M4,24,22,23,21
47339,987,5,M4,24,22,23,21
47360,987,5,M4,24,22,23,21
47381,987,5,M4,24,22,23,21
47404,987,5,M4,24,22,23,22
47426,987,5,M4,24,23,23,21
47448,987,5,M4,24,23,23,22
47470,987,5,M4,24,23,23,22
47490,987,5,M4,25,23,23,22
47512,987,5,M4,25,23,24,22
47534,987,5,M4,25,23,24,22
47555,987,5,M4,25,23,24,22
47577,987,5,M4,25,23,24,22
47599,987,5,M4,25,23,24,22
47620,987,5,M4,25,23,24,22
47641,987,5,M4,25,23,24,22
47663,987,5,M4,25,23,24,22
47685,987,5,M4,25,23,24,22
47705,987,5,M4,25,23,24,22
47728,987,5,M4,25,23,24,22
47749,987,5,M4,25,23,24,22
47771,987,5,M4,25,23,24,22
47793,987,5,M4,25,23,24,22
47814,987,5,M4,25,23,24,23
47836,987,5,M4,25,23,24,23
47858,987,5,M4,25,23,24,23
47881,987,5,M4,25,24,25,23
47902,987,5,M4,25,23,25,23
47923,987,5,M4,25,23,25,23
47944,987,5,M4,26,23,25,23
47965,987,5,M4,26,23,25,23
47987,987,5,M4,26,23,25,23
48008,987,5,M4,26,23,25,23
48030,987,5,M4,26,23,25,23
48050,987,5,M4,26,23,25,23
48070,987,5,M4,26,23,25,23
48091,987,5,M4,26,23,25,23
48113,987,5,M4,26,23,25,23
48136,987,5,M4,26,23,25,23
48156,987,5,M4,26,23,25,23
48177,987,5,M4,26,23,25,23
48199,987,5,M4,26,23,25,23
48221,987,5,M4,26,23,25,23
48244,987,5,M4,26,23,25,23
48266,987,5,M4,26,23,25,23
48287,987,5,M4,26,23,25,23
48310,987,5,M4,26,24,25,23
48333,987,5,M4,26,24,25,23
48356,987,5,M4,26,24,25,23
48381,987,5,M4,26,24,25,23
48404,987,5,M4,26,24,25,23
48427,987,5,M4,26,24,25,23
48450,987,5,M4,26,24,25,23
48473,987,5,M4,26,24,25,23
48497,987,5,M4,26,24,25,23
48520,987,5,M4,26,24,25,23
48544,987,5,M4,26,24,26,24
48567,987,5,M4,26,24,26,24
48592,987,5,M4,27,25,26,24
48616,987,5,M4,27,25,26,24
48638,987,5,M4,27,25,26,24
48660,987,5,M4,27,25,26,24
48682,987,5,M4,27,25,26,24
48706,987,5,M4,27,25,26,24
48729,987,5,M4,27,25,26,24
48753,987,5,M4,27,25,26,24
48776,987,5,M4,27,25,26,24
48799,987,5,M4,27,25,26,24
48825,987,5,M4,27,25,26,24
48848,987,5,M4,27,25,27,24
48870,987,5,M4,27,25,27,25
48892,987,5,M4,27,25,27,25
48913,987,5,M4,28,25,27,25
48935,987,5,M4,28,25,27,25
48956,987,5,M4,28,25,27,25
48978,987,5,M4,28,26,27,25
48999,987,5,M4,28,26,27,25
49021,987,5,M4,28,26,27,25
49043,987,5,M4,28,26,27,25
49065,987,5,M4,28,26,27,25
49087,987,5,M4,28,26,27,25
49108,987,5,M4,28,26,27,25
49130,987,5,M4,28,26,27,25
49152,987,5,M4,28,26,27,25
49173,987,5,M4,28,26,27,25
49194,987,5,M4,28,26,27,25
49215,987,5,M4,29,26,27,25
49239,987,5,M4,29,26,27,25
49259,987,5,M4,29,26,28,25
49281,987,5,M4,29,27,28,25
49303,987,5,M4,29,27,28,25
49325,987,5,M4,29,27,28,25
49348,987,5,M4,29,27,28,25
49370,987,5,M4,29,27,28,26
49391,987,5,M4,29,27,28,26
49413,987,5,M4,29,27,28,26
49434,987,5,M4,29,27,28,26
49456,987,5,M4,29,27,28,26
49476,987,5,M4,29,27,28,26
49497,987,5,M4,29,27,28,26
49519,987,5,M4,29,27,28,26
49542,987,5,M4,29,27,28,26
49563,987,5,M4,29,27,28,26
49585,987,5,M4,29,27,28,26
49606,987,5,M4,29,27,28,26
49626,987,5,M4,29,27,28,26
49648,987,5,M4,29,27,28,26
49670,987,5,M4,29,27,28,26
49691,987,5,M4,29,27,28,26
49711,987,5,M4,29,27,28,26
49733,987,5,M4,29,27,28,26
49756,987,5,M4,29,27,28,26
49777,987,5,M4,29,27,29,26
49798,987,5,M4,29,27,29,26
49819,987,5,M4,29,27,29,26
49840,987,5,M4,29,27,29,26
49863,987,5,M4,30,27,29,26
49884,987,5,M4,30,27,29,27
49906,987,5,M4,30,27,29,27
49928,987,5,M4,30,27,29,27
49949,987,5,M4,30,27,29,27
49971,987,5,M4,30,27,29,27
49993,987,5,M4,30,27,29,27
50014,987,5,M4,30,27,29,27
50035,987,5,M4,30,27,29,27
50057,987,5,M4,30,27,29,27
50080,987,5,M4,30,28,29,27
50102,987,5,M4,30,28,29,27
50123,987,5,M4,30,28,29,27
50144,987,5,M4,30,28,29,27
50166,987,5,M4,30,28,29,27
50188,987,5,M4,30,28,29,27
50210,987,5,M4,30,28,29,27
50232,987,5,M4,30,28,29,27
50253,987,5,M4,30,28,29,27
50275,987,5,M4,30,28,29,27
50297,987,5,M4,30,28,29,27
50318,987,5,M4,31,28,30,27
50340,987,5,M4,31,29,30,27
50361,987,5,M4,31,29,30,27
50383,987,5,M4,31,29,30,28
50405,987,5,M4,31,29,30,28
50428,987,5,M4,31,29,30,28
50450,987,5,M4,31,29,30,28
50471,987,5,M4,31,29,30,28
50493,987,5,M4,31,29,30,28
50515,987,5,M4,31,29,30,28
50537,987,5,M4,32,29,30,28
50559,987,5,M4,32,29,30,28
50580,987,5,M4,32,29,30,28
50603,987,5,M4,32,29,30,28
50623,987,5,M4,32,29,30,28
50643,987,5,M4,32,29,30,28
50664,987,5,M4,32,29,30,28
50686,987,5,M4,32,29,30,28
50709,987,5,M4,32,29,31,28
50730,987,5,M4,32,29,31,29
50751,987,5,M4,32,30,31,29
50773,987,5,M4,32,30,31,29
50796,987,5,M4,32,30,31,29
50817,987,5,M4,32,30,31,29
50839,987,5,M4,32,30,31,29
50861,987,5,M4,32,30,31,29
50882,987,5,M4,32,30,31,29
50903,987,5,M4,32,30,31,29
50926,987,5,M4,32,30,31,29
50948,987,5,M4,32,30,31,29
50970,987,5,M4,32,30,31,29
50992,987,5,M4,32,30,31,29
51014,987,5,M4,32,30,31,29
51035,987,5,M4,32,30,31,29
51057,987,5,M4,32,30,32,29
51078,987,5,M4,32,30,32,29
51099,987,5,M4,32,30,32,29
51122,987,5,M4,32,30,32,29
51145,987,5,M4,32,30,32,29
51167,987,5,M4,32,30,32,29
51187,987,5,M4,32,30,32,29
51209,987,5,M4,32,30,32,29
51230,987,5,M4,32,30,32,29
51252,987,5,M4,32,30,32,29
51274,987,5,M4,32,30,32,29
51295,987,5,M4,32,30,32,29
51316,987,5,M4,32,30,32,29
51339,987,5,M4,32,30,32,29
51360,987,5,M4,33,30,32,29
51380,987,5,M4,33,30,32,30
51401,987,5,M4,33,30,32,30
51422,987,5,M4,33,30,32,30
51443,987,5,M4,33,30,32,30
51465,987,5,M4,33,30,32,30
51487,987,5,M4,33,30,32,30
51509,987,5,M4,33,31,32,30
51531,987,5,M4,33,31,32,30
51554,987,5,M4,33,31,32,30
51577,987,5,M4,33,31,32,30
51599,987,5,M4,33,31,32,30
51620,987,5,M4,33,31,32,30
51640,987,5,M4,34,31,32,30
51662,987,5,M4,34,31,32,30
51684,987,5,M4,34,31,32,30
51705,987,5,M4,34,31,33,30
51728,987,5,M4,34,31,33,30
51749,987,5,M4,34,31,33,30
51770,987,5,M4,34,31,33,30
51791,987,5,M4,34,31,33,30
51812,987,5,M4,34,32,33,30
51834,987,5,M4,34,32,33,30
51857,987,5,M4,34,32,33,30
51882,987,5,M4,34,32,33,31
51904,987,5,M4,34,32,33,31
51926,987,5,M4,34,32,34,31
51946,987,5,M4,34,32,34,31
51969,987,5,M4,34,32,34,31
51990,987,5,M4,35,32,34,31
52012,987,5,M4,35,32,34,31
52033,987,5,M4,35,32,34,31
52055,987,5,M4,35,32,34,31
52076,987,5,M4,35,32,34,31
52098,987,5,M4,35,32,34,31
52118,987,5,M4,35,32,34,31
52140,987,5,M4,35,32,34,31
52161,987,5,M4,35,32,34,31
52181,987,5,M4,35,32,34,32
52202,987,5,M4,35,32,34,32
52224,987,5,M4,35,32,34,32
52244,987,5,M4,35,33,34,32
52266,987,5,M4,36,33,34,32
52288,987,5,M4,36,33,34,32
52309,987,5,M4,36,33,34,32
52332,987,5,M4,36,33,34,32
52354,987,5,M4,36,33,34,32
52377,987,5,M4,36,33,34,32
52398,987,5,M4,36,33,34,32
52419,987,5,M4,36,33,34,32
52439,987,5,M4,36,33,34,32
52461,987,5,M4,36,33,35,32
52483,987,5,M4,36,33,35,32
52504,987,5,M4,36,33,35,32
52525,987,5,M4,36,33,35,32
52547,987,5,M4,36,33,35,32
52568,987,5,M4,36,33,35,32
52589,987,5,M4,36,33,35,32
52610,987,5,M4,36,33,35,32
52632,987,5,M4,36,33,35,32
52654,987,5,M4,36,33,35,32
52674,987,5,M4,36,33,35,32
52695,987,5,M4,36,33,35,32
52717,987,5,M4,36,33,35,32
52738,987,5,M4,36,33,35,32
52759,987,5,M4,36,33,35,32
52782,987,5,M4,36,33,35,32
52804,987,5,M4,36,33,35,32
52826,987,5,M4,36,33,35,32
52848,987,5,M4,36,33,35,32
52870,987,5,M4,36,34,35,32
52892,987,5,M4,36,34,36,33
52914,987,5,M4,36,34,36,33
52936,987,5,M4,36,34,36,33
52958,987,5,M4,36,34,36,33
52979,987,5,M4,36,34,36,33
53002,987,5,M4,36,34,36,33
53024,987,5,M4,36,34,36,33
53046,987,5,M4,36,34,36,33
53067,987,5,M4,36,34,36,33
53089,987,5,M4,36,34,36,33
53111,987,5,M4,36,34,36,33
53134,987,5,M4,37,34,36,33
53155,987,5,M4,37,34,36,33
53177,987,5,M4,37,34,36,33
53199,987,5,M4,37,34,36,33
53220,987,5,M4,37,34,36,33
53242,987,5,M4,37,34,36,33
53264,987,5,M4,37,34,36,34
53286,987,5,M4,37,34,36,34
53307,987,5,M4,37,34,36,34
53330,987,5,M4,38,34,36,34
53352,987,5,M4,38,35,36,34
53374,987,5,M4,38,35,37,34
53396,987,5,M4,38,35,37,34
53418,987,5,M4,38,35,37,34
53440,987,5,M4,38,35,37,34
53462,987,5,M4,38,35,37,34
53484,987,5,M4,38,35,37,34
53507,987,5,M4,38,36,37,34
53529,987,5,M4,38,36,37,34
53552,987,5,M4,38,36,37,34
53574,987,5,M4,38,36,37,34
53595,987,5,M4,38,36,38,35
53616,987,5,M4,38,36,38,35
53639,987,5,M4,38,36,38,35
53661,987,5,M4,38,36,38,35
53683,987,5,M4,38,36,38,35
53703,987,5,M4,38,36,38,35
53724,987,5,M4,38,36,38,35
53746,987,5,M4,38,36,38,35
53766,987,5,M4,39,36,38,35
53788,987,5,M4,39,36,38,35
53810,987,5,M4,39,36,38,35
53833,987,5,M4,39,36,38,35
53855,987,5,M4,39,36,38,35
53877,987,5,M4,39,36,38,35
53898,987,5,M4,39,36,38,35
53920,987,5,M4,39,36,38,35
53941,987,5,M4,39,36,38,35
53962,987,5,M4,39,36,38,35
53983,987,5,M4,39,36,38,35
54004,987,5,M4,39,36,38,35
54026,987,5,M4,39,36,38,35
54048,987,5,M4,39,36,38,35
54070,987,5,M4,39,36,38,36
54092,987,5,M4,39,36,38,36
54113,987,5,M4,39,36,38,36
54135,987,5,M4,39,36,38,36
54156,987,5,M4,39,36,38,36
54178,987,5,M4,39,36,38,36
54200,987,5,M4,39,36,39,36
54220,987,5,M4,39,36,39,36
54241,987,5,M4,39,36,39,36
54263,987,5,M4,39,36,39,36
54286,987,5,M4,39,36,39,36
54309,987,5,M4,39,36,39,36
54330,987,5,M4,39,36,39,36
54352,987,5,M4,39,36,39,36
54374,987,5,M4,40,36,39,36
54395,987,5,M4,40,37,39,36
54417,987,5,M4,40,37,39,36
54439,987,5,M4,40,37,39,36
54460,987,5,M4,40,37,39,36
54482,987,5,M4,40,37,39,36
54504,987,5,M4,40,37,39,36
54526,987,5,M4,40,37,39,36
54547,987,5,M4,40,37,40,36
54569,987,5,M4,40,37,40,36
54591,987,5,M4,40,37,40,36
54613,987,5,M4,40,38,40,37
54635,987,5,M4,40,38,40,37
54657,987,5,M4,41,38,40,37
54678,987,5,M4,41,38,40,37
54701,987,5,M4,41,38,40,37
54722,987,5,M4,41,38,40,37
54743,987,5,M4,41,38,40,37
54764,987,5,M4,41,38,40,37
54786,987,5,M4,41,38,40,37
54809,987,5,M4,41,38,40,37
54831,987,5,M4,41,38,40,37
54852,987,5,M4,41,38,40,37
54874,987,5,M4,41,38,40,37
54896,987,5,M4,41,38,40,37
54918,987,5,M4,41,38,40,37
54939,987,5,M4,41,38,40,37
54960,987,5,M4,41,38,40,37
54981,987,5,M4,41,38,40,37
55005,987,5,M4,41,38,41,37
55026,987,5,M4,41,38,41,37
55048,987,5,M4,41,38,41,38
55069,987,5,M4,41,38,41,38
55090,987,5,M4,41,39,41,38
55113,987,5,M4,41,39,41,38
55135,987,5,M4,42,39,41,38
55157,987,5,M4,42,39,41,38
55178,987,5,M4,42,39,41,38
55200,987,5,M4,42,39,41,38
55222,987,5,M4,42,39,41,38
55242,987,5,M4,42,39,41,38
55263,987,5,M4,42,39,41,38
55285,987,5,M4,42,39,41,38
55307,987,5,M4,42,39,41,38
55330,987,5,M4,42,39,41,38
55352,987,5,M4,42,39,41,38
55374,987,5,M4,42,39,41,38
55395,987,5,M4,42,39,41,38
55417,987,5,M4,42,39,41,38
55438,987,5,M4,42,39,41,38
55460,987,5,M4,42,39,41,38
55482,987,5,M4,42,39,41,38
55504,987,5,M4,42,39,41,38
55526,987,5,M4,42,39,41,38
55548,987,5,M4,42,39,41,38
55569,987,5,M4,42,39,41,38
55590,987,5,M4,42,39,41,38
55612,987,5,M4,42,39,41,38
