frame,curTime,name,Position,curLapNum,curLapTime,sector,steer,throttle,brake,gear,engineRPM,LapInvalid,TC,ABS,AI
21920,2022/3/25 20:20,Siesta siesta,11,3,0,0,0.03125,1,0,8,10545,1,0,0,0
21921,2022/3/25 20:20,Siesta siesta,11,4,0.054,0,0.03125,1,0,8,10559,0,0,0,0
21922,2022/3/25 20:20,Siesta siesta,11,4,0.104,0,0.03125,1,0,8,10572,0,0,0,0
21923,2022/3/25 20:20,Siesta siesta,11,4,0.156,0,0.03125,1,0,8,10586,0,0,0,0
21924,2022/3/25 20:20,Siesta siesta,11,4,0.208,0,0.03125,1,0,8,10595,0,0,0,0
21925,2022/3/25 20:20,Siesta siesta,11,4,0.257,0,0.03125,1,0,8,10596,0,0,0,0
21926,2022/3/25 20:20,Siesta siesta,11,4,0.314,0,0.03125,1,0,8,10596,0,0,0,0
21927,2022/3/25 20:20,Siesta siesta,11,4,0.363,0,0.03125,1,0,8,10603,0,0,0,0
21928,2022/3/25 20:20,Siesta siesta,11,4,0.418,0,0.03125,1,0,8,10619,0,0,0,0
21929,2022/3/25 20:20,Siesta siesta,11,4,0.467,0,0.03125,1,0,8,10634,0,0,0,0
21930,2022/3/25 20:20,Siesta siesta,11,4,0.522,0,0.03125,1,0,8,10653,0,0,0,0
21931,2022/3/25 20:20,Siesta siesta,11,4,0.57,0,0.03125,1,0,8,10670,0,0,0,0
21932,2022/3/25 20:20,Siesta siesta,11,4,0.625,0,0.03125,1,0,8,10686,0,0,0,0
21934,2022/3/25 20:20,Siesta siesta,11,4,0.671,0,0.03125,1,0,8,10692,0,0,0,0
21935,2022/3/25 20:20,Siesta siesta,11,4,0.728,0,0.03125,1,0,8,10696,0,0,0,0
21936,2022/3/25 20:20,Siesta siesta,11,4,0.775,0,0.03125,1,0,8,10699,0,0,0,0
21937,2022/3/25 20:20,Siesta siesta,11,4,0.831,0,0.03125,1,0,8,10703,0,0,0,0
21938,2022/3/25 20:20,Siesta siesta,11,4,0.878,0,0.03125,1,0,8,10707,0,0,0,0
21939,2022/3/25 20:20,Siesta siesta,11,4,0.933,0,0.03125,1,0,8,10712,0,0,0,0
21940,2022/3/25 20:20,Siesta siesta,11,4,0.987,0,0.03125,1,0,8,10718,0,0,0,0
21941,2022/3/25 20:20,Siesta siesta,11,4,1.035,0,0.03125,1,0,8,10727,0,0,0,0
21942,2022/3/25 20:20,Siesta siesta,11,4,1.09,0,0.03125,1,0,8,10749,0,0,0,0
21944,2022/3/25 20:20,Siesta siesta,11,4,1.137,0,0.03125,1,0,8,10773,0,0,0,0
21946,2022/3/25 20:20,Siesta siesta,11,4,1.195,0,0.03125,1,0,8,10796,0,0,0,0
21947,2022/3/25 20:20,Siesta siesta,11,4,1.243,0,0.03125,1,0,8,10808,0,0,0,0
21948,2022/3/25 20:20,Siesta siesta,11,4,1.3,0,0.028649,0.921968,0.031213,8,10808,0,0,0,0
21949,2022/3/25 20:20,Siesta siesta,11,4,1.347,0,0.018448,0.615927,0.153629,8,10764,0,0,0,0
21950,2022/3/25 20:20,Siesta siesta,11,4,1.403,0,0.006315,0.251955,0.299218,8,10658,0,0,0,0
21951,2022/3/25 20:20,Siesta siesta,11,4,1.451,0,0,0.053895,0.461051,7,11932,0,0,0,0
21952,2022/3/25 20:20,Siesta siesta,11,4,1.508,0,0,0.02801,0.719896,7,11757,0,0,0,0
21953,2022/3/25 20:20,Siesta siesta,11,4,1.555,0,0,0.006939,0.930611,7,11440,0,0,0,0
21954,2022/3/25 20:20,Siesta siesta,11,4,1.614,0,0,0,1,6,12342,0,0,0,0
21955,2022/3/25 20:20,Siesta siesta,11,4,1.661,0,0,0,1,6,12226,0,0,0,0
21956,2022/3/25 20:20,Siesta siesta,11,4,1.72,0,-0.001486,0,1,5,12060,0,0,0,0
21957,2022/3/25 20:20,Siesta siesta,11,4,1.768,0,-0.012329,0,1,5,12924,0,0,0,0
21958,2022/3/25 20:20,Siesta siesta,11,4,1.827,0,-0.025831,0,1,5,12720,0,0,0,0
21959,2022/3/25 20:20,Siesta siesta,11,4,1.875,0,-0.036269,0,1,5,12321,0,0,0,0
21960,2022/3/25 20:20,Siesta siesta,11,4,1.935,0,-0.048851,0,1,5,11853,0,0,0,0
21961,2022/3/25 20:20,Siesta siesta,11,4,1.984,0,-0.059137,0,1,5,11467,0,0,0,0
21962,2022/3/25 20:20,Siesta siesta,11,4,2.045,0,-0.072255,0,0.941468,4,11873,0,0,0,0
21963,2022/3/25 20:20,Siesta siesta,11,4,2.094,0,-0.082996,0,0.877024,4,12165,0,0,0,0
21964,2022/3/25 20:20,Siesta siesta,11,4,2.153,0,-0.095988,0,0.799075,4,12066,0,0,0,0
21966,2022/3/25 20:20,Siesta siesta,11,4,2.203,0,-0.107522,0,0.729867,4,11777,0,0,0,0
21967,2022/3/25 20:20,Siesta siesta,11,4,2.264,0,-0.121656,0,0.645062,4,11462,0,0,0,0
21968,2022/3/25 20:20,Siesta siesta,11,4,2.314,0,-0.133236,0,0.592058,4,11208,0,0,0,0
21970,2022/3/25 20:20,Siesta siesta,11,4,2.42,0,-0.15625,0,0.490229,3,10898,0,0,0,0
21971,2022/3/25 20:20,Siesta siesta,11,4,2.471,0,-0.15625,0,0.425141,3,11580,0,0,0,0
21972,2022/3/25 20:20,Siesta siesta,11,4,2.522,0,-0.15625,0,0.361145,3,12114,0,0,0,0
21973,2022/3/25 20:20,Siesta siesta,11,4,2.572,0,-0.164908,0,0.318272,3,12235,0,0,0,0
21974,2022/3/25 20:20,Siesta siesta,11,4,2.621,0,-0.199117,0,0.341078,3,12062,0,0,0,0
21976,2022/3/25 20:20,Siesta siesta,11,4,2.672,0,-0.235519,0,0.365346,3,11861,0,0,0,0
21977,2022/3/25 20:20,Siesta siesta,11,4,2.726,0,-0.279862,0,0.375,3,11680,0,0,0,0
21978,2022/3/25 20:20,Siesta siesta,11,4,2.775,0,-0.324544,0,0.375,3,11468,0,0,0,0
21979,2022/3/25 20:20,Siesta siesta,11,4,2.833,0,-0.376508,0,0.373492,3,11200,0,0,0,0
21980,2022/3/25 20:20,Siesta siesta,11,4,2.884,0,-0.398486,0,0.351514,3,10986,0,0,0,0
21981,2022/3/25 20:20,Siesta siesta,11,4,2.935,0,-0.420929,0,0.329071,3,10777,0,0,0,0
21982,2022/3/25 20:20,Siesta siesta,11,4,2.985,0,-0.443004,0,0.290486,3,10579,0,0,0,0
21983,2022/3/25 20:20,Siesta siesta,11,4,3.038,0,-0.46599,0,0.19854,3,10406,0,0,0,0
21984,2022/3/25 20:20,Siesta siesta,11,4,3.089,0,-0.488378,0,0.108986,3,10259,0,0,0,0
21985,2022/3/25 20:20,Siesta siesta,11,4,3.139,0,-0.505154,0,0.052192,3,10150,0,0,0,0
21987,2022/3/25 20:20,Siesta siesta,11,4,3.189,0,-0.515808,0,0.030885,3,10099,0,0,0,0
21988,2022/3/25 20:20,Siesta siesta,11,4,3.242,0,-0.527171,0,0.008159,3,10074,0,0,0,0
21989,2022/3/25 20:20,Siesta siesta,11,4,3.293,0,-0.53125,0.040157,0,3,10090,0,0,0,0
21990,2022/3/25 20:20,Siesta siesta,11,4,3.344,0,-0.53125,0.104702,0,3,10085,0,0,0,0
21991,2022/3/25 20:20,Siesta siesta,11,4,3.396,0,-0.53125,0.171359,0,3,10094,0,0,0,0
21992,2022/3/25 20:20,Siesta siesta,11,4,3.454,0,-0.53125,0.243944,0,3,10111,0,0,0,0
21993,2022/3/25 20:20,Siesta siesta,11,4,3.501,0,-0.53125,0.303345,0,3,10111,0,0,0,0
21994,2022/3/25 20:20,Siesta siesta,11,4,3.555,0,-0.53125,0.370816,0,3,10147,0,0,0,0
21995,2022/3/25 20:20,Siesta siesta,11,4,3.605,0,-0.53125,0.414284,0,3,10209,0,0,0,0
21996,2022/3/25 20:20,Siesta siesta,11,4,3.655,0,-0.53125,0.456004,0,3,10288,0,0,0,0
21998,2022/3/25 20:20,Siesta siesta,11,4,3.706,0,-0.53125,0.498925,0,3,10403,0,0,0,0
21999,2022/3/25 20:20,Siesta siesta,11,4,3.758,0,-0.5204,0.5217,0,3,10504,0,0,0,0
22000,2022/3/25 20:20,Siesta siesta,11,4,3.814,0,-0.508073,0.546354,0,3,10623,0,0,0,0
22001,2022/3/25 20:20,Siesta siesta,11,4,3.863,0,-0.483353,0.519693,0,3,10726,0,0,0,0
22002,2022/3/25 20:20,Siesta siesta,11,4,3.921,0,-0.397432,0.298753,0,3,10649,0,0,0,0
22003,2022/3/25 20:20,Siesta siesta,11,4,3.972,0,-0.32277,0.106765,0,3,10593,0,0,0,0
22004,2022/3/25 20:20,Siesta siesta,11,4,4.03,0,-0.225162,0,0.099713,2,11384,0,0,0,0
22005,2022/3/25 20:20,Siesta siesta,11,4,4.079,0,-0.132449,0,0.264534,2,12118,0,0,0,0
22006,2022/3/25 20:20,Siesta siesta,11,4,4.136,0,-0.024223,0,0.456938,2,12399,0,0,0,0
22008,2022/3/25 20:20,Siesta siesta,11,4,4.184,0,0.066128,0,0.514695,2,12131,0,0,0,0
22009,2022/3/25 20:20,Siesta siesta,11,4,4.241,0,0.172486,0,0.53833,2,11751,0,0,0,0
22010,2022/3/25 20:20,Siesta siesta,11,4,4.288,0,0.261114,0,0.558025,2,11442,0,0,0,0
22011,2022/3/25 20:20,Siesta siesta,11,4,4.337,0,0.320717,0,0.51514,2,11125,0,0,0,0
22012,2022/3/25 20:20,Siesta siesta,11,4,4.394,0,0.379713,0,0.444344,2,10777,0,0,0,0
22013,2022/3/25 20:20,Siesta siesta,11,4,4.44,0,0.427316,0,0.387221,2,10604,0,0,0,0
22014,2022/3/25 20:20,Siesta siesta,11,4,4.495,0,0.466467,0,0.355688,2,10320,0,0,0,0
22015,2022/3/25 20:20,Siesta siesta,11,4,4.551,0,0.501708,0,0.332195,2,10038,0,0,0,0
22016,2022/3/25 20:20,Siesta siesta,11,4,4.602,0,0.53227,0,0.308422,2,9760,0,0,0,0
22017,2022/3/25 20:20,Siesta siesta,11,4,4.657,0,0.543716,0,0.262635,2,9610,0,0,0,0
22019,2022/3/25 20:20,Siesta siesta,11,4,4.713,0,0.555519,0,0.215425,2,9490,0,0,0,0
22020,2022/3/25 20:20,Siesta siesta,11,4,4.768,0,0.571582,0,0.1875,2,9342,0,0,0,0
22021,2022/3/25 20:20,Siesta siesta,11,4,4.822,0,0.594043,0,0.1875,2,9172,0,0,0,0
22022,2022/3/25 20:20,Siesta siesta,11,4,4.877,0,0.617077,0,0.1875,2,9010,0,0,0,0
22023,2022/3/25 20:20,Siesta siesta,11,4,4.933,0,0.640011,0,0.1875,2,8849,0,0,0,0
22024,2022/3/25 20:20,Siesta siesta,11,4,4.987,0,0.662429,0,0.1875,2,8682,0,0,0,0
22025,2022/3/25 20:20,Siesta siesta,11,4,5.042,0,0.685236,0,0.1875,2,8528,0,0,0,0
22026,2022/3/25 20:20,Siesta siesta,11,4,5.097,0,0.708607,0,0.1875,2,8361,0,0,0,0
22027,2022/3/25 20:20,Siesta siesta,11,4,5.145,0,0.729041,0,0.1875,2,8198,0,0,0,0
22029,2022/3/25 20:20,Siesta siesta,11,4,5.199,0,0.751899,0,0.185601,2,8018,0,0,0,0
22030,2022/3/25 20:20,Siesta siesta,11,4,5.254,0,0.777291,0,0.160209,2,7856,0,0,0,0
22031,2022/3/25 20:20,Siesta siesta,11,4,5.309,0,0.802279,0,0.135221,2,7711,0,0,0,0
22034,2022/3/25 20:20,Siesta siesta,11,4,5.473,0,0.843125,0,0.002499,2,7502,0,0,0,0
22035,2022/3/25 20:20,Siesta siesta,11,4,5.527,0,0.85552,0,0,2,7467,0,0,0,0
22036,2022/3/25 20:20,Siesta siesta,11,4,5.582,0,0.868037,0,0,2,7427,0,0,0,0
22037,2022/3/25 20:20,Siesta siesta,11,4,5.636,0,0.879924,0.019698,0,2,7397,0,0,0,0
22039,2022/3/25 20:20,Siesta siesta,11,4,5.692,0,0.891562,0.066247,0,2,7384,0,0,0,0
22040,2022/3/25 20:20,Siesta siesta,11,4,5.747,0,0.903146,0.112584,0,2,7370,0,0,0,0
22041,2022/3/25 20:20,Siesta siesta,11,4,5.8,0,0.897878,0.141743,0,2,7402,0,0,0,0
22042,2022/3/25 20:20,Siesta siesta,11,4,5.856,0,0.885516,0.166468,0,2,7461,0,0,0,0
22043,2022/3/25 20:21,Siesta siesta,11,4,5.91,0,0.87227,0.19023,0,2,7544,0,0,0,0
22044,2022/3/25 20:21,Siesta siesta,11,4,5.965,0,0.849321,0.213179,0,2,7606,0,0,0,0
22045,2022/3/25 20:21,Siesta siesta,11,4,6.02,0,0.82671,0.23579,0,2,7668,0,0,0,0
22046,2022/3/25 20:21,Siesta siesta,11,4,6.074,0,0.794333,0.259083,0,2,7725,0,0,0,0
22047,2022/3/25 20:21,Siesta siesta,11,4,6.13,0,0.744986,0.283757,0,2,7851,0,0,0,0
22048,2022/3/25 20:21,Siesta siesta,11,4,6.184,0,0.697513,0.307494,0,2,7960,0,0,0,0
22049,2022/3/25 20:21,Siesta siesta,11,4,6.238,0,0.643524,0.330091,0,3,10481,0,0,0,0
22050,2022/3/25 20:21,Siesta siesta,11,4,6.293,0,0.587382,0.352547,0,3,8065,0,0,0,0
22051,2022/3/25 20:21,Siesta siesta,11,4,6.349,0,0.530241,0.375672,0,3,7325,0,0,0,0
22052,2022/3/25 20:21,Siesta siesta,11,4,6.401,0,0.495978,0.398515,0,3,7062,0,0,0,0
22053,2022/3/25 20:21,Siesta siesta,11,4,6.456,0,0.460037,0.422475,0,3,8807,0,0,0,0
22054,2022/3/25 20:21,Siesta siesta,11,4,6.511,0,0.4375,0.446626,0,3,7991,0,0,0,0
22055,2022/3/25 20:21,Siesta siesta,11,4,6.565,0,0.4375,0.469471,0,3,7665,0,0,0,0
22056,2022/3/25 20:21,Siesta siesta,11,4,6.618,0,0.4375,0.492091,0,3,8260,0,0,0,0
22057,2022/3/25 20:21,Siesta siesta,11,4,6.674,0,0.421612,0.5,0,3,8986,0,0,0,0
22059,2022/3/25 20:21,Siesta siesta,11,4,6.72,0,0.402047,0.5,0,3,8559,0,0,0,0
22060,2022/3/25 20:21,Siesta siesta,11,4,6.774,0,0.379407,0.5,0,3,8141,0,0,0,0
22061,2022/3/25 20:21,Siesta siesta,11,4,6.827,0,0.366041,0.517918,0,3,8590,0,0,0,0
22062,2022/3/25 20:21,Siesta siesta,11,4,6.88,0,0.355049,0.539901,0,3,9194,0,0,0,0
22063,2022/3/25 20:21,Siesta siesta,11,4,6.931,0,0.34438,0.561241,0,3,8596,0,0,0,0
22064,2022/3/25 20:21,Siesta siesta,11,4,6.982,0,0.31395,0.5625,0,3,8258,0,0,0,0
22065,2022/3/25 20:21,Siesta siesta,11,4,7.033,0,0.281468,0.5625,0,3,8197,0,0,0,0
22066,2022/3/25 20:21,Siesta siesta,11,4,7.084,0,0.249948,0.562552,0,3,8264,0,0,0,0
22067,2022/3/25 20:21,Siesta siesta,11,4,7.142,0,0.224674,0.587826,0,3,8420,0,0,0,0
22068,2022/3/25 20:21,Siesta siesta,11,4,7.193,0,0.202464,0.610036,0,3,8578,0,0,0,0
22069,2022/3/25 20:21,Siesta siesta,11,4,7.252,0,0.134019,0.614304,0,3,8765,0,0,0,0
22070,2022/3/25 20:21,Siesta siesta,11,4,7.302,0,0.025823,0.592665,0,3,8930,0,0,0,0
22071,2022/3/25 20:21,Siesta siesta,11,4,7.361,0,-0.104252,0.56665,0,3,9147,0,0,0,0
22072,2022/3/25 20:21,Siesta siesta,11,4,7.409,0,-0.149783,0.5625,0,3,9325,0,0,0,0
22073,2022/3/25 20:21,Siesta siesta,11,4,7.469,0,-0.187615,0.5625,0,3,9448,0,0,0,0
22074,2022/3/25 20:21,Siesta siesta,11,4,7.517,0,-0.218162,0.5625,0,3,9429,0,0,0,0
22075,2022/3/25 20:21,Siesta siesta,11,4,7.574,0,-0.134552,0.586557,0,3,9388,0,0,0,0
22076,2022/3/25 20:21,Siesta siesta,11,4,7.623,0,-0.061981,0.607291,0,3,9323,0,0,0,0
22077,2022/3/25 20:21,Siesta siesta,11,4,7.682,0,0.022076,0.639717,0,3,9311,0,0,0,0
22079,2022/3/25 20:21,Siesta siesta,11,4,7.731,0,0.085347,0.681898,0,3,9489,0,0,0,0
22080,2022/3/25 20:21,Siesta siesta,11,4,7.731,0,0.162429,0.733286,0,3,9660,0,0,0,0
22081,2022/3/25 20:21,Siesta siesta,11,4,7.841,0,0.180869,0.763261,0,3,9919,0,0,0,0
22082,2022/3/25 20:21,Siesta siesta,11,4,7.899,0,0.167682,0.789637,0,3,10096,0,0,0,0
22083,2022/3/25 20:21,Siesta siesta,11,4,7.949,0,0.156432,0.812136,0,3,10276,0,0,0,0
22084,2022/3/25 20:21,Siesta siesta,11,4,8.008,0,0.143892,0.837216,0,4,9054,0,0,0,0
22085,2022/3/25 20:21,Siesta siesta,11,4,8.056,0,0.133462,0.858076,0,4,8921,0,0,0,0
22086,2022/3/25 20:21,Siesta siesta,11,4,8.116,0,0.125,0.883181,0,4,9022,0,0,0,0
22087,2022/3/25 20:21,Siesta siesta,11,4,8.165,0,0.125,0.903535,0,4,9153,0,0,0,0
22089,2022/3/25 20:21,Siesta siesta,11,4,8.225,0,0.125,0.927998,0,4,9310,0,0,0,0
22090,2022/3/25 20:21,Siesta siesta,11,4,8.274,0,0.119436,0.9375,0,4,9451,0,0,0,0
22091,2022/3/25 20:21,Siesta siesta,11,4,8.334,0,0.106639,0.9375,0,4,9621,0,0,0,0
22092,2022/3/25 20:21,Siesta siesta,11,4,8.374,0,0.098164,0.9375,0,4,9758,0,0,0,0
22093,2022/3/25 20:21,Siesta siesta,11,4,8.434,0,0.061256,0.953747,0,4,9981,0,0,0,0
22094,2022/3/25 20:21,Siesta siesta,11,4,8.484,0,0.018822,0.974964,0,4,10029,0,0,0,0
22095,2022/3/25 20:21,Siesta siesta,11,4,8.535,0,-0.023356,0.996053,0,4,10143,0,0,0,0
22096,2022/3/25 20:21,Siesta siesta,11,4,8.584,0,-0.005452,1,0,4,10271,0,0,0,0
22098,2022/3/25 20:21,Siesta siesta,11,4,8.696,0,0.0625,1,0,4,10666,0,0,0,0
22099,2022/3/25 20:21,Siesta siesta,11,4,8.747,0,0.0625,1,0,4,10821,0,0,0,0
22100,2022/3/25 20:21,Siesta siesta,11,4,8.797,0,0.0625,1,0,4,10987,0,0,0,0
22101,2022/3/25 20:21,Siesta siesta,11,4,8.856,0,0.0625,1,0,4,11190,0,0,0,0
22102,2022/3/25 20:21,Siesta siesta,11,4,8.906,0,0.0625,1,0,4,11306,0,0,0,0
22103,2022/3/25 20:21,Siesta siesta,11,4,8.965,0,0.0625,1,0,4,11450,0,0,0,0
22104,2022/3/25 20:21,Siesta siesta,11,4,9.016,0,0.0625,1,0,4,11575,0,0,0,0
22105,2022/3/25 20:21,Siesta siesta,11,4,9.067,0,0.0625,1,0,4,11712,0,0,0,0
22106,2022/3/25 20:21,Siesta siesta,11,4,9.119,0,0.0625,1,0,4,11853,0,0,0,0
22107,2022/3/25 20:21,Siesta siesta,11,4,9.171,0,0.0625,1,0,5,10206,0,0,0,0
22109,2022/3/25 20:21,Siesta siesta,11,4,9.226,0,0.0625,1,0,5,10361,0,0,0,0
22110,2022/3/25 20:21,Siesta siesta,11,4,9.28,0,0.0625,1,0,5,10476,0,0,0,0
22111,2022/3/25 20:21,Siesta siesta,11,4,9.332,0,0.051837,1,0,5,10560,0,0,0,0
22112,2022/3/25 20:21,Siesta siesta,11,4,9.384,0,0.041054,1,0,5,10653,0,0,0,0
22113,2022/3/25 20:21,Siesta siesta,11,4,9.437,0,0.03125,1,0,5,10745,0,0,0,0
22114,2022/3/25 20:21,Siesta siesta,11,4,9.489,0,0.03125,1,0,5,10845,0,0,0,0
22115,2022/3/25 20:21,Siesta siesta,11,4,9.542,0,0.03125,1,0,5,10959,0,0,0,0
22116,2022/3/25 20:21,Siesta siesta,11,4,9.6,0,0.03125,1,0,5,11093,0,0,0,0
22117,2022/3/25 20:21,Siesta siesta,11,4,9.651,0,0.03125,1,0,5,11192,0,0,0,0
22119,2022/3/25 20:21,Siesta siesta,11,4,9.71,0,0.03125,1,0,5,11306,0,0,0,0
22120,2022/3/25 20:21,Siesta siesta,11,4,9.759,0,0.03125,1,0,5,11400,0,0,0,0
22121,2022/3/25 20:21,Siesta siesta,11,4,9.817,0,0.03125,1,0,5,11510,0,0,0,0
22122,2022/3/25 20:21,Siesta siesta,11,4,9.865,0,0.03125,1,0,5,11599,0,0,0,0
22123,2022/3/25 20:21,Siesta siesta,11,4,9.922,0,0.03125,1,0,6,10262,0,0,0,0
22124,2022/3/25 20:21,Siesta siesta,11,4,9.971,0,0.03125,1,0,6,10252,0,0,0,0
22125,2022/3/25 20:21,Siesta siesta,11,4,10.028,0,0.03125,1,0,6,10318,0,0,0,0
22126,2022/3/25 20:21,Siesta siesta,11,4,10.075,0,0.03125,1,0,6,10363,0,0,0,0
22127,2022/3/25 20:21,Siesta siesta,11,4,10.132,0,0.03125,1,0,6,10407,0,0,0,0
22128,2022/3/25 20:21,Siesta siesta,11,4,10.179,0,0.03125,1,0,6,10443,0,0,0,0
22130,2022/3/25 20:21,Siesta siesta,11,4,10.235,0,0.03125,1,0,6,10504,0,0,0,0
22131,2022/3/25 20:21,Siesta siesta,11,4,10.282,0,0.03125,1,0,6,10561,0,0,0,0
22132,2022/3/25 20:21,Siesta siesta,11,4,10.335,0,0.03125,1,0,6,10630,0,0,0,0
22133,2022/3/25 20:21,Siesta siesta,11,4,10.391,0,0.03125,1,0,6,10706,0,0,0,0
22134,2022/3/25 20:21,Siesta siesta,11,4,10.444,0,0.03125,1,0,6,10780,0,0,0,0
22135,2022/3/25 20:21,Siesta siesta,11,4,10.498,0,0.03125,1,0,6,10855,0,0,0,0
22136,2022/3/25 20:21,Siesta siesta,11,4,10.549,0,0.03125,1,0,6,10929,0,0,0,0
22137,2022/3/25 20:21,Siesta siesta,11,4,10.602,0,0.03125,1,0,6,11002,0,0,0,0
22138,2022/3/25 20:21,Siesta siesta,11,4,10.657,0,0.03125,1,0,6,11064,0,0,0,0
22140,2022/3/25 20:21,Siesta siesta,11,4,10.71,0,0.03125,1,0,6,11120,0,0,0,0
22141,2022/3/25 20:21,Siesta siesta,11,4,10.765,0,0.03125,1,0,6,11174,0,0,0,0
22142,2022/3/25 20:21,Siesta siesta,11,4,10.818,0,0.03125,1,0,6,11229,0,0,0,0
22143,2022/3/25 20:21,Siesta siesta,11,4,10.863,0,0.03125,1,0,6,11275,0,0,0,0
22144,2022/3/25 20:21,Siesta siesta,11,4,10.917,0,0.03125,1,0,6,11328,0,0,0,0
22145,2022/3/25 20:21,Siesta siesta,11,4,10.963,0,0.03125,1,0,6,11368,0,0,0,0
22146,2022/3/25 20:21,Siesta siesta,11,4,11.018,0,0.03125,1,0,6,11413,0,0,0,0
22147,2022/3/25 20:21,Siesta siesta,11,4,11.074,0,0.03125,1,0,6,11468,0,0,0,0
22148,2022/3/25 20:21,Siesta siesta,11,4,11.12,0,0.03125,1,0,6,11528,0,0,0,0
22150,2022/3/25 20:21,Siesta siesta,11,4,11.177,0,0.03125,1,0,6,11606,0,0,0,0
22152,2022/3/25 20:21,Siesta siesta,11,4,11.226,0,0.03125,1,0,6,11657,0,0,0,0
22153,2022/3/25 20:21,Siesta siesta,11,4,11.283,0,0.03125,1,0,6,11700,0,0,0,0
22154,2022/3/25 20:21,Siesta siesta,11,4,11.332,0,0.0285,1,0,6,11732,0,0,0,0
22155,2022/3/25 20:21,Siesta siesta,11,4,11.393,0,0.015154,1,0,6,11776,0,0,0,0
22156,2022/3/25 20:21,Siesta siesta,11,4,11.433,0,0.006194,1,0,6,11767,0,0,0,0
22157,2022/3/25 20:21,Siesta siesta,11,4,11.484,0,0,1,0,6,11812,0,0,0,0
22158,2022/3/25 20:21,Siesta siesta,11,4,11.535,0,0,1,0,6,11881,0,0,0,0
22159,2022/3/25 20:21,Siesta siesta,11,4,11.587,0,0,1,0,6,11934,0,0,0,0
22160,2022/3/25 20:21,Siesta siesta,11,4,11.587,0,0,1,0,6,11938,0,0,0,0
22161,2022/3/25 20:21,Siesta siesta,11,4,11.692,0,0,1,0,6,11972,0,0,0,0
22163,2022/3/25 20:21,Siesta siesta,11,4,11.746,0,0,1,0,6,12032,0,0,0,0
22164,2022/3/25 20:21,Siesta siesta,11,4,11.799,0,0.009612,1,0,6,12072,0,0,0,0
22165,2022/3/25 20:21,Siesta siesta,11,4,11.853,0,0.020846,1,0,6,12029,0,0,0,0
22166,2022/3/25 20:21,Siesta siesta,11,4,11.907,0,0.03125,1,0,6,12109,0,0,0,0
22167,2022/3/25 20:21,Siesta siesta,11,4,11.962,0,0.03125,1,0,6,12169,0,0,0,0
22168,2022/3/25 20:21,Siesta siesta,11,4,12.017,0,0.03125,1,0,6,12221,0,0,0,0
22169,2022/3/25 20:21,Siesta siesta,11,4,12.071,0,0.03125,0.952018,0,6,12176,0,0,0,0
22170,2022/3/25 20:21,Siesta siesta,11,4,12.127,0,0.03125,0.811423,0,6,12290,0,0,0,0
22171,2022/3/25 20:21,Siesta siesta,11,4,12.183,0,0.03125,0.668505,0,6,12315,0,0,0,0
22173,2022/3/25 20:21,Siesta siesta,11,4,12.228,0,0.043867,0.498835,0.176632,5,13876,0,0,0,0
22174,2022/3/25 20:21,Siesta siesta,11,4,12.284,0,0.068781,0.24969,0.525434,5,13607,0,0,0,0
22175,2022/3/25 20:21,Siesta siesta,11,4,12.327,0,0.088343,0.054067,0.799306,5,13274,0,0,0,0
22176,2022/3/25 20:21,Siesta siesta,11,4,12.384,0,0.103093,0,0.800252,5,12875,0,0,0,0
22177,2022/3/25 20:21,Siesta siesta,11,4,12.435,0,0.113954,0,0.713368,5,12564,0,0,0,0
22178,2022/3/25 20:21,Siesta siesta,11,4,12.495,0,0.125,0,0.618845,5,12199,0,0,0,0
22179,2022/3/25 20:21,Siesta siesta,11,4,12.542,0,0.125,0,0.578617,5,11949,0,0,0,0
22180,2022/3/25 20:21,Siesta siesta,11,4,12.6,0,0.125,0,0.529471,5,11649,0,0,0,0
22181,2022/3/25 20:21,Siesta siesta,11,4,12.647,0,0.127733,0,0.483602,5,11435,0,0,0,0
22182,2022/3/25 20:21,Siesta siesta,11,4,12.697,0,0.13822,0,0.420679,5,11236,0,0,0,0
22184,2022/3/25 20:21,Siesta siesta,11,4,12.751,0,0.149573,0,0.352563,5,11097,0,0,0,0
22185,2022/3/25 20:21,Siesta siesta,11,4,12.81,0,0.179266,0,0.3125,5,10932,0,0,0,0
22186,2022/3/25 20:21,Siesta siesta,11,4,12.857,0,0.218398,0,0.3125,5,10771,0,0,0,0
22187,2022/3/25 20:21,Siesta siesta,11,4,12.915,0,0.266696,0,0.3125,5,10578,0,0,0,0
22188,2022/3/25 20:21,Siesta siesta,11,4,12.964,0,0.287874,0,0.286002,5,10424,0,0,0,0
22189,2022/3/25 20:21,Siesta siesta,11,4,13.02,0,0.299685,0,0.23876,5,10257,0,0,0,0
22190,2022/3/25 20:21,Siesta siesta,11,4,13.068,0,0.309887,0,0.197952,5,10130,0,0,0,0
22191,2022/3/25 20:21,Siesta siesta,11,4,13.125,0,0.330884,0,0.132347,5,10007,0,0,0,0
22192,2022/3/25 20:21,Siesta siesta,11,4,13.172,0,0.350406,0,0.073783,5,9931,0,0,0,0
22194,2022/3/25 20:21,Siesta siesta,11,4,13.23,0,0.374433,0,0.001701,5,9857,0,0,0,0
22196,2022/3/25 20:21,Siesta siesta,11,4,13.336,0,0.420093,0,0,5,9725,0,0,0,0
22197,2022/3/25 20:21,Siesta siesta,11,4,13.383,0,0.4375,0.015209,0,5,9683,0,0,0,0
22198,2022/3/25 20:21,Siesta siesta,11,4,13.441,0,0.4375,0.137816,0,5,9687,0,0,0,0
22199,2022/3/25 20:21,Siesta siesta,11,4,13.488,0,0.4375,0.237878,0,5,9674,0,0,0,0
22200,2022/3/25 20:21,Siesta siesta,11,4,13.546,0,0.432691,0.35097,0,5,9680,0,0,0,0
22201,2022/3/25 20:21,Siesta siesta,11,4,13.592,0,0.423157,0.427243,0,5,9749,0,0,0,0
22202,2022/3/25 20:21,Siesta siesta,11,4,13.65,0,0.411114,0.523587,0,5,9766,0,0,0,0
22203,2022/3/25 20:21,Siesta siesta,11,4,13.699,0,0.383573,0.5625,0,5,9810,0,0,0,0
22205,2022/3/25 20:21,Siesta siesta,11,4,13.755,0,0.333999,0.5625,0,5,9862,0,0,0,0
22206,2022/3/25 20:21,Siesta siesta,11,4,13.808,0,0.287436,0.5625,0,5,9940,0,0,0,0
22207,2022/3/25 20:21,Siesta siesta,11,4,13.859,0,0.203742,0.581877,0,5,9980,0,0,0,0
22208,2022/3/25 20:21,Siesta siesta,11,4,13.917,0,0.101464,0.607447,0,5,10009,0,0,0,0
22209,2022/3/25 20:21,Siesta siesta,11,4,13.968,0,0.009776,0.625,0,5,10031,0,0,0,0
22210,2022/3/25 20:21,Siesta siesta,11,4,14.023,0,-0.095408,0.625,0,5,10071,0,0,0,0
22211,2022/3/25 20:21,Siesta siesta,11,4,14.073,0,-0.189598,0.625,0,5,10130,0,0,0,0
22212,2022/3/25 20:21,Siesta siesta,11,4,14.129,0,-0.26025,0.625,0,5,10205,0,0,0,0
22213,2022/3/25 20:21,Siesta siesta,11,4,14.175,0,-0.279232,0.625,0,5,10254,0,0,0,0
22215,2022/3/25 20:21,Siesta siesta,11,4,14.231,0,-0.3027,0.625,0,5,10334,0,0,0,0
22216,2022/3/25 20:21,Siesta siesta,11,4,14.277,0,-0.307323,0.635355,0,5,10345,0,0,0,0
22217,2022/3/25 20:21,Siesta siesta,11,4,14.331,0,-0.295122,0.659756,0,5,10396,0,0,0,0
22218,2022/3/25 20:21,Siesta siesta,11,4,14.379,0,-0.284275,0.681451,0,5,10503,0,0,0,0
22219,2022/3/25 20:21,Siesta siesta,11,4,14.434,0,-0.271766,0.706467,0,5,10613,0,0,0,0
22220,2022/3/25 20:21,Siesta siesta,11,4,14.481,0,-0.261256,0.727487,0,5,10559,0,0,0,0
22221,2022/3/25 20:21,Siesta siesta,11,4,14.536,0,-0.248993,0.754029,0,5,10567,0,0,0,0
22222,2022/3/25 20:21,Siesta siesta,11,4,14.584,0,-0.238053,0.797787,0,5,10671,0,0,0,0
22223,2022/3/25 20:21,Siesta siesta,11,4,14.639,0,-0.225395,0.848422,0,5,10758,0,0,0,0
22224,2022/3/25 20:21,Siesta siesta,11,4,14.686,0,-0.214955,0.882591,0,5,10852,0,0,0,0
22226,2022/3/25 20:21,Siesta siesta,11,4,14.742,0,-0.202832,0.906835,0,5,10962,0,0,0,0
22227,2022/3/25 20:21,Siesta siesta,11,4,14.791,0,-0.192467,0.927565,0,5,11036,0,0,0,0
22228,2022/3/25 20:21,Siesta siesta,11,4,14.841,0,-0.164543,0.948979,0,5,11085,0,0,0,0
22229,2022/3/25 20:21,Siesta siesta,11,4,14.898,0,-0.117568,0.972466,0,5,11160,0,0,0,0
22230,2022/3/25 20:21,Siesta siesta,11,4,14.945,0,-0.078411,0.992045,0,5,11220,0,0,0,0
22231,2022/3/25 20:21,Siesta siesta,11,4,14.945,0,-0.078689,1,0,5,11298,0,0,0,0
22232,2022/3/25 20:21,Siesta siesta,11,4,15.05,0,-0.098425,1,0,5,11362,0,0,0,0
22233,2022/3/25 20:21,Siesta siesta,11,4,15.109,0,-0.122587,1,0,5,11449,0,0,0,0
22234,2022/3/25 20:21,Siesta siesta,11,4,15.155,0,-0.125,1,0,5,11520,0,0,0,0
22235,2022/3/25 20:21,Siesta siesta,11,4,15.213,0,-0.125,1,0,5,11617,0,0,0,0
22236,2022/3/25 20:21,Siesta siesta,11,4,15.259,0,-0.125,1,0,5,11698,0,0,0,0
22237,2022/3/25 20:21,Siesta siesta,11,4,15.315,0,-0.112571,1,0,6,10339,0,0,0,0
22238,2022/3/25 20:21,Siesta siesta,11,4,15.363,0,-0.101851,1,0,6,10331,0,0,0,0
22239,2022/3/25 20:21,Siesta siesta,11,4,15.42,0,-0.089146,1,0,6,10398,0,0,0,0
22240,2022/3/25 20:21,Siesta siesta,11,4,15.466,0,-0.078615,1,0,6,10439,0,0,0,0
22241,2022/3/25 20:21,Siesta siesta,11,4,15.523,0,-0.065584,1,0,6,10486,0,0,0,0
22242,2022/3/25 20:21,Siesta siesta,11,4,15.57,0,-0.0625,1,0,6,10524,0,0,0,0
22243,2022/3/25 20:21,Siesta siesta,11,4,15.627,0,-0.0625,1,0,6,10580,0,0,0,0
22244,2022/3/25 20:21,Siesta siesta,11,4,15.673,0,-0.0625,1,0,6,10634,0,0,0,0
22248,2022/3/25 20:21,Siesta siesta,11,4,15.834,0,-0.0625,1,0,6,10833,0,0,0,0
22249,2022/3/25 20:21,Siesta siesta,11,4,15.88,0,-0.0625,1,0,6,10893,0,0,0,0
22251,2022/3/25 20:21,Siesta siesta,11,4,15.986,0,-0.0625,1,0,6,11030,0,0,0,0
22252,2022/3/25 20:21,Siesta siesta,11,4,16.042,0,-0.0625,1,0,6,11098,0,0,0,0
22253,2022/3/25 20:21,Siesta siesta,11,4,16.09,0,-0.0625,1,0,6,11153,0,0,0,0
22255,2022/3/25 20:21,Siesta siesta,11,4,16.148,0,-0.055813,1,0,6,11216,0,0,0,0
22256,2022/3/25 20:21,Siesta siesta,11,4,16.197,0,-0.045287,1,0,6,11260,0,0,0,0
22258,2022/3/25 20:21,Siesta siesta,11,4,16.254,0,-0.033038,1,0,6,11309,0,0,0,0
22259,2022/3/25 20:21,Siesta siesta,11,4,16.303,0,-0.03125,1,0,6,11355,0,0,0,0
22260,2022/3/25 20:21,Siesta siesta,11,4,16.362,0,-0.03125,1,0,6,11416,0,0,0,0
22261,2022/3/25 20:21,Siesta siesta,11,4,16.411,0,-0.03125,1,0,6,11471,0,0,0,0
22262,2022/3/25 20:21,Siesta siesta,11,4,16.469,0,-0.019416,1,0,6,11538,0,0,0,0
22263,2022/3/25 20:21,Siesta siesta,11,4,16.519,0,-0.009027,1,0,6,11594,0,0,0,0
22264,2022/3/25 20:21,Siesta siesta,11,4,16.579,0,0.003692,1,0,6,11659,0,0,0,0
22265,2022/3/25 20:21,Siesta siesta,11,4,16.628,0,0.014717,1,0,6,11701,0,0,0,0
22266,2022/3/25 20:21,Siesta siesta,11,4,16.686,0,0.028009,1,0,6,11748,0,0,0,0
22268,2022/3/25 20:21,Siesta siesta,11,4,16.734,0,0.038282,1,0,6,11784,0,0,0,0
22269,2022/3/25 20:21,Siesta siesta,11,4,16.794,0,0.050552,1,0,6,11719,0,0,0,0
22270,2022/3/25 20:21,Siesta siesta,11,4,16.842,0,0.060524,1,0,6,11837,0,0,0,0
22271,2022/3/25 20:21,Siesta siesta,11,4,16.9,0,0.073087,1,0,7,10627,0,0,0,0
22272,2022/3/25 20:21,Siesta siesta,11,4,16.95,0,0.084098,1,0,7,10462,0,0,0,0
22273,2022/3/25 20:21,Siesta siesta,11,4,17.002,0,0.09375,1,0,7,10485,0,0,0,0
22274,2022/3/25 20:21,Siesta siesta,11,4,17.06,0,0.09375,1,0,7,10509,0,0,0,0
22275,2022/3/25 20:21,Siesta siesta,11,4,17.109,0,0.09375,1,0,7,10532,0,0,0,0
22276,2022/3/25 20:21,Siesta siesta,11,4,17.164,0,0.09375,1,0,7,10560,0,0,0,0
22277,2022/3/25 20:21,Siesta siesta,11,4,17.215,0,0.09375,1,0,7,10589,0,0,0,0
22278,2022/3/25 20:21,Siesta siesta,11,4,17.267,0,0.09375,1,0,7,10624,0,0,0,0
22279,2022/3/25 20:21,Siesta siesta,11,4,17.319,0,0.09375,1,0,7,10657,0,0,0,0
22280,2022/3/25 20:21,Siesta siesta,11,4,17.373,0,0.09375,1,0,7,10683,0,0,0,0
22281,2022/3/25 20:21,Siesta siesta,11,4,17.43,0,0.09375,1,0,7,10710,0,0,0,0
22282,2022/3/25 20:21,Siesta siesta,11,4,17.484,0,0.09375,1,0,7,10735,0,0,0,0
22283,2022/3/25 20:21,Siesta siesta,11,4,17.531,0,0.09375,1,0,7,10753,0,0,0,0
22284,2022/3/25 20:21,Siesta siesta,11,4,17.586,0,0.09375,1,0,7,10776,0,0,0,0
22285,2022/3/25 20:21,Siesta siesta,11,4,17.632,0,0.09375,1,0,7,10802,0,0,0,0
22286,2022/3/25 20:21,Siesta siesta,11,4,17.687,0,0.09375,1,0,7,10840,0,0,0,0
22288,2022/3/25 20:21,Siesta siesta,11,4,17.744,0,0.09375,1,0,7,10885,0,0,0,0
22289,2022/3/25 20:21,Siesta siesta,11,4,17.798,0,0.09375,1,0,7,10908,0,0,0,0
22290,2022/3/25 20:21,Siesta siesta,11,4,17.852,0,0.09375,1,0,7,10922,0,0,0,0
22291,2022/3/25 20:21,Siesta siesta,11,4,17.907,0,0.09375,1,0,7,10938,0,0,0,0
22292,2022/3/25 20:21,Siesta siesta,11,4,17.961,0,0.09375,1,0,7,10962,0,0,0,0
22293,2022/3/25 20:21,Siesta siesta,11,4,18.015,0,0.09375,1,0,7,10991,0,0,0,0
22294,2022/3/25 20:21,Siesta siesta,11,4,18.068,0,0.09375,1,0,7,11015,0,0,0,0
22295,2022/3/25 20:21,Siesta siesta,11,4,18.122,0,0.09375,1,0,7,11026,0,0,0,0
22296,2022/3/25 20:21,Siesta siesta,11,4,18.175,0,0.09375,1,0,7,11039,0,0,0,0
22298,2022/3/25 20:21,Siesta siesta,11,4,18.229,0,0.09375,1,0,7,11060,0,0,0,0
22300,2022/3/25 20:21,Siesta siesta,11,4,18.333,0,0.09375,1,0,7,11123,0,0,0,0
22301,2022/3/25 20:21,Siesta siesta,11,4,18.386,0,0.09375,1,0,7,11144,0,0,0,0
22302,2022/3/25 20:21,Siesta siesta,11,4,18.438,0,0.09375,1,0,7,11155,0,0,0,0
22303,2022/3/25 20:21,Siesta siesta,11,4,18.491,0,0.09375,1,0,7,11168,0,0,0,0
22304,2022/3/25 20:21,Siesta siesta,11,4,18.543,0,0.09375,1,0,7,11184,0,0,0,0
22305,2022/3/25 20:21,Siesta siesta,11,4,18.594,0,0.09375,1,0,7,11205,0,0,0,0
22306,2022/3/25 20:21,Siesta siesta,11,4,18.646,0,0.08341,1,0,7,11226,0,0,0,0
22307,2022/3/25 20:21,Siesta siesta,11,4,18.698,0,0.061807,1,0,7,11228,0,0,0,0
22309,2022/3/25 20:21,Siesta siesta,11,4,19.258,0,0.040983,1,0,7,11228,0,0,0,0
22310,2022/3/25 20:21,Siesta siesta,11,4,19.31,1,0.03125,1,0,7,11234,0,0,0,0
22311,2022/3/25 20:21,Siesta siesta,11,4,19.31,1,0.03125,1,0,7,11257,0,0,0,0
22312,2022/3/25 20:21,Siesta siesta,11,4,19.413,1,0.03125,1,0,7,11292,0,0,0,0
22313,2022/3/25 20:21,Siesta siesta,11,4,19.468,1,0.03125,1,0,7,11323,0,0,0,0
22314,2022/3/25 20:21,Siesta siesta,11,4,19.517,1,0.03125,1,0,7,11344,0,0,0,0
22315,2022/3/25 20:21,Siesta siesta,11,4,19.575,1,0.03125,1,0,7,11367,0,0,0,0
22316,2022/3/25 20:21,Siesta siesta,11,4,19.628,1,0.03125,1,0,7,11378,0,0,0,0
22317,2022/3/25 20:21,Siesta siesta,11,4,19.682,1,0.03125,1,0,7,11383,0,0,0,0
22318,2022/3/25 20:21,Siesta siesta,11,4,19.737,1,0.027778,1,0,7,11387,0,0,0,0
22319,2022/3/25 20:21,Siesta siesta,11,4,19.792,1,0.016207,1,0,7,11403,0,0,0,0
22320,2022/3/25 20:21,Siesta siesta,11,4,19.838,1,0.006336,1,0,7,11422,0,0,0,0
22321,2022/3/25 20:21,Siesta siesta,11,4,19.898,1,0,1,0,7,11449,0,0,0,0
22322,2022/3/25 20:21,Siesta siesta,11,4,19.944,1,0,1,0,7,11471,0,0,0,0
22323,2022/3/25 20:21,Siesta siesta,11,4,20.001,1,0,1,0,7,11497,0,0,0,0
22324,2022/3/25 20:21,Siesta siesta,11,4,20.047,1,-0.006715,0.785132,0.214868,6,12996,0,0,0,0
22325,2022/3/25 20:21,Siesta siesta,11,4,20.105,1,-0.01904,0.390709,0.609291,6,12689,0,0,0,0
22326,2022/3/25 20:21,Siesta siesta,11,4,20.149,1,-0.028434,0.090121,0.909879,6,12382,0,0,0,0
22327,2022/3/25 20:21,Siesta siesta,11,4,20.209,1,-0.03125,0,1,5,13176,0,0,0,0
22329,2022/3/25 20:21,Siesta siesta,11,4,20.259,1,-0.03125,0,1,5,13316,0,0,0,0
22330,2022/3/25 20:21,Siesta siesta,11,4,20.317,1,-0.03125,0,1,5,12861,0,0,0,0
22331,2022/3/25 20:21,Siesta siesta,11,4,20.365,1,-0.03125,0,1,5,12469,0,0,0,0
22332,2022/3/25 20:21,Siesta siesta,11,4,20.426,1,-0.03125,0,1,5,11991,0,0,0,0
22333,2022/3/25 20:21,Siesta siesta,11,4,20.475,1,-0.03125,0,1,4,11982,0,0,0,0
22334,2022/3/25 20:21,Siesta siesta,11,4,20.536,1,-0.03125,0,1,4,12331,0,0,0,0
22335,2022/3/25 20:21,Siesta siesta,11,4,20.585,1,-0.03125,0,1,4,12409,0,0,0,0
22336,2022/3/25 20:21,Siesta siesta,11,4,20.647,1,-0.040381,0,0.945217,4,11935,0,0,0,0
22337,2022/3/25 20:21,Siesta siesta,11,4,20.695,1,-0.051033,0,0.8813,4,11546,0,0,0,0
22339,2022/3/25 20:21,Siesta siesta,11,4,20.757,1,-0.064964,0,0.802643,3,11364,0,0,0,0
22340,2022/3/25 20:21,Siesta siesta,11,4,20.805,1,-0.075872,0,0.759012,3,11919,0,0,0,0
22341,2022/3/25 20:21,Siesta siesta,11,4,20.854,1,-0.087251,0,0.713496,3,12290,0,0,0,0
22342,2022/3/25 20:21,Siesta siesta,11,4,20.906,1,-0.104495,0,0.66601,3,12353,0,0,0,0
22343,2022/3/25 20:21,Siesta siesta,11,4,20.955,1,-0.12723,0,0.62054,3,12144,0,0,0,0
22344,2022/3/25 20:21,Siesta siesta,11,4,21.018,1,-0.1562,0,0.562601,3,11775,0,0,0,0
22346,2022/3/25 20:21,Siesta siesta,11,4,21.119,1,-0.178973,0,0.426165,3,11328,0,0,0,0
22347,2022/3/25 20:21,Siesta siesta,11,4,21.179,1,-0.197551,0,0.375,3,11103,0,0,0,0
22348,2022/3/25 20:21,Siesta siesta,11,4,21.225,1,-0.218235,0,0.375,3,10899,0,0,0,0
22350,2022/3/25 20:21,Siesta siesta,11,4,21.284,1,-0.244852,0,0.375,3,10644,0,0,0,0
22351,2022/3/25 20:21,Siesta siesta,11,4,21.332,1,-0.265181,0,0.344638,3,10440,0,0,0,0
22352,2022/3/25 20:21,Siesta siesta,11,4,21.391,1,-0.289696,0,0.295609,3,10225,0,0,0,0
22353,2022/3/25 20:21,Siesta siesta,11,4,21.44,1,-0.309993,0,0.255014,3,10073,0,0,0,0
22354,2022/3/25 20:21,Siesta siesta,11,4,21.497,1,-0.323913,0,0.204349,3,9914,0,0,0,0
22355,2022/3/25 20:21,Siesta siesta,11,4,21.546,1,-0.334928,0,0.160289,3,9806,0,0,0,0
22356,2022/3/25 20:21,Siesta siesta,11,4,21.6,1,-0.34375,0,0.11271,3,9709,0,0,0,0
22357,2022/3/25 20:21,Siesta siesta,11,4,21.647,1,-0.34375,0,0.072658,3,9655,0,0,0,0
22359,2022/3/25 20:21,Siesta siesta,11,4,21.754,1,-0.34375,0,0,3,9596,0,0,0,0
22361,2022/3/25 20:21,Siesta siesta,11,4,21.856,1,-0.34375,0,0,3,9512,0,0,0,0
22362,2022/3/25 20:21,Siesta siesta,11,4,21.915,1,-0.35106,0.014621,0,3,9471,0,0,0,0
22363,2022/3/25 20:21,Siesta siesta,11,4,21.961,1,-0.360928,0.034356,0,3,9442,0,0,0,0
22364,2022/3/25 20:21,Siesta siesta,11,4,22.017,1,-0.372922,0.058344,0,3,9449,0,0,0,0
22365,2022/3/25 20:21,Siesta siesta,11,4,22.065,1,-0.391294,0.078794,0,3,9353,0,0,0,0
22366,2022/3/25 20:21,Siesta siesta,11,4,22.125,1,-0.416743,0.104243,0,3,9332,0,0,0,0
22367,2022/3/25 20:21,Siesta siesta,11,4,22.175,1,-0.437759,0.125518,0,3,9296,0,0,0,0
22368,2022/3/25 20:21,Siesta siesta,11,4,22.231,1,-0.4496,0.149201,0,3,9300,0,0,0,0
22370,2022/3/25 20:21,Siesta siesta,11,4,22.278,1,-0.459296,0.168593,0,3,9267,0,0,0,0
22371,2022/3/25 20:21,Siesta siesta,11,4,22.337,1,-0.46875,0.193376,0,3,9272,0,0,0,0
22372,2022/3/25 20:21,Siesta siesta,11,4,22.384,1,-0.46875,0.212811,0,3,9285,0,0,0,0
22373,2022/3/25 20:21,Siesta siesta,11,4,22.436,1,-0.46875,0.234813,0,3,9342,0,0,0,0
22374,2022/3/25 20:21,Siesta siesta,11,4,22.491,1,-0.472704,0.257908,0,3,9377,0,0,0,0
22375,2022/3/25 20:21,Siesta siesta,11,4,22.539,1,-0.482499,0.277498,0,3,9441,0,0,0,0
22376,2022/3/25 20:21,Siesta siesta,11,4,22.593,1,-0.493721,0.299942,0,3,9451,0,0,0,0
22377,2022/3/25 20:21,Siesta siesta,11,4,22.646,1,-0.5,0.333697,0,3,9514,0,0,0,0
22378,2022/3/25 20:21,Siesta siesta,11,4,22.7,1,-0.5,0.382731,0,3,9675,0,0,0,0
22379,2022/3/25 20:21,Siesta siesta,11,4,22.754,1,-0.5,0.432088,0,3,9788,0,0,0,0
22381,2022/3/25 20:21,Siesta siesta,11,4,22.797,1,-0.507645,0.4375,0,3,9813,0,0,0,0
22382,2022/3/25 20:21,Siesta siesta,11,4,22.853,1,-0.519513,0.4375,0,3,9870,0,0,0,0
22383,2022/3/25 20:21,Siesta siesta,11,4,22.911,1,-0.530505,0.438245,0,3,9960,0,0,0,0
22384,2022/3/25 20:21,Siesta siesta,11,4,22.958,1,-0.510695,0.458055,0,3,10013,0,0,0,0
22385,2022/3/25 20:21,Siesta siesta,11,4,23.01,1,-0.48913,0.47962,0,3,10110,0,0,0,0
22386,2022/3/25 20:21,Siesta siesta,11,4,23.061,1,-0.465342,0.501363,0,3,10257,0,0,0,0
22387,2022/3/25 20:21,Siesta siesta,11,4,23.113,1,-0.41165,0.52284,0,3,10372,0,0,0,0
22388,2022/3/25 20:21,Siesta siesta,11,4,23.167,1,-0.355184,0.545427,0,3,10494,0,0,0,0
22389,2022/3/25 20:21,Siesta siesta,11,4,23.214,1,-0.303207,0.564823,0,3,10629,0,0,0,0
22390,2022/3/25 20:21,Siesta siesta,11,4,23.268,1,-0.210835,0.587916,0,3,10736,0,0,0,0
22391,2022/3/25 20:21,Siesta siesta,11,4,23.322,1,-0.119927,0.610643,0,3,10807,0,0,0,0
22392,2022/3/25 20:21,Siesta siesta,11,4,23.377,1,-0.002621,0.616446,0,3,10873,0,0,0,0
22393,2022/3/25 20:21,Siesta siesta,11,4,23.429,1,0.150634,0.594552,0,3,10803,0,0,0,0
22394,2022/3/25 20:21,Siesta siesta,11,4,23.476,1,0.288213,0.574898,0,3,10920,0,0,0,0
22395,2022/3/25 20:21,Siesta siesta,11,4,23.529,1,0.389902,0.532696,0,3,11084,0,0,0,0
22396,2022/3/25 20:21,Siesta siesta,11,4,23.584,1,0.425343,0.461813,0,3,11117,0,0,0,0
22397,2022/3/25 20:21,Siesta siesta,11,4,23.638,1,0.460377,0.391747,0,3,11155,0,0,0,0
22398,2022/3/25 20:21,Siesta siesta,11,4,23.693,1,0.46875,0.375,0,3,11167,0,0,0,0
22399,2022/3/25 20:21,Siesta siesta,11,4,23.749,1,0.46875,0.375,0,3,11183,0,0,0,0
22401,2022/3/25 20:21,Siesta siesta,11,4,23.796,1,0.46875,0.375,0,3,11209,0,0,0,0
22402,2022/3/25 20:21,Siesta siesta,11,4,23.854,1,0.46875,0.375,0,3,11234,0,0,0,0
22403,2022/3/25 20:21,Siesta siesta,11,4,23.901,1,0.46875,0.375,0,3,11279,0,0,0,0
22404,2022/3/25 20:21,Siesta siesta,11,4,23.95,1,0.46875,0.375,0,3,11342,0,0,0,0
22405,2022/3/25 20:21,Siesta siesta,11,4,24.011,1,0.46875,0.375,0,3,11385,0,0,0,0
22406,2022/3/25 20:21,Siesta siesta,11,4,24.06,1,0.46875,0.375,0,3,11416,0,0,0,0
22407,2022/3/25 20:21,Siesta siesta,11,4,24.108,1,0.472123,0.381745,0,3,11447,0,0,0,0
22408,2022/3/25 20:21,Siesta siesta,11,4,24.168,1,0.48464,0.406779,0,3,11510,0,0,0,0
22409,2022/3/25 20:21,Siesta siesta,11,4,24.216,1,0.494789,0.427079,0,3,11568,0,0,0,0
22410,2022/3/25 20:21,Siesta siesta,11,4,24.271,1,0.493733,0.462569,0,4,10579,0,0,0,0
22411,2022/3/25 20:21,Siesta siesta,11,4,24.323,1,0.482853,0.506087,0,4,9917,0,0,0,0
22412,2022/3/25 20:21,Siesta siesta,11,4,24.382,1,0.470505,0.555479,0,4,9855,0,0,0,0
22413,2022/3/25 20:21,Siesta siesta,11,4,24.423,1,0.46875,0.5625,0,4,9776,0,0,0,0
22414,2022/3/25 20:21,Siesta siesta,11,4,24.475,1,0.413587,0.590081,0,4,10007,0,0,0,0
22415,2022/3/25 20:21,Siesta siesta,11,4,24.527,1,0.379243,0.607254,0,4,9999,0,0,0,0
22416,2022/3/25 20:21,Siesta siesta,11,4,24.58,1,0.34515,0.6243,0,4,10042,0,0,0,0
22417,2022/3/25 20:21,Siesta siesta,11,4,24.632,1,0.320258,0.625,0,4,10120,0,0,0,0
22418,2022/3/25 20:21,Siesta siesta,11,4,24.684,1,0.296365,0.625,0,4,10192,0,0,0,0
22419,2022/3/25 20:21,Siesta siesta,11,4,24.737,1,0.272184,0.634066,0,4,10269,0,0,0,0
22421,2022/3/25 20:21,Siesta siesta,11,4,24.791,1,0.248704,0.657546,0,4,10344,0,0,0,0
22422,2022/3/25 20:21,Siesta siesta,11,4,24.841,1,0.22691,0.67934,0,4,10396,0,0,0,0
22423,2022/3/25 20:21,Siesta siesta,11,4,24.841,1,0.233244,0.701994,0,4,10470,0,0,0,0
22424,2022/3/25 20:21,Siesta siesta,11,4,24.945,1,0.255704,0.724454,0,4,10557,0,0,0,0
22425,2022/3/25 20:21,Siesta siesta,11,4,24.998,1,0.278432,0.747182,0,4,10653,0,0,0,0
22426,2022/3/25 20:21,Siesta siesta,11,4,25.05,1,0.271442,0.769616,0,4,10761,0,0,0,0
22427,2022/3/25 20:21,Siesta siesta,11,4,25.103,1,0.260335,0.79183,0,4,10896,0,0,0,0
22428,2022/3/25 20:21,Siesta siesta,11,4,25.159,1,0.245488,0.8125,0,4,11052,0,0,0,0
22429,2022/3/25 20:21,Siesta siesta,11,4,25.211,1,0.213063,0.8125,0,4,11163,0,0,0,0
22430,2022/3/25 20:21,Siesta siesta,11,4,25.262,1,0.181346,0.8125,0,4,11260,0,0,0,0
22432,2022/3/25 20:21,Siesta siesta,11,4,25.315,1,0.153669,0.822823,0,4,11365,0,0,0,0
22433,2022/3/25 20:21,Siesta siesta,11,4,25.366,1,0.142923,0.865808,0,4,11489,0,0,0,0
22434,2022/3/25 20:21,Siesta siesta,11,4,25.42,1,0.131855,0.91008,0,4,11630,0,0,0,0
22435,2022/3/25 20:21,Siesta siesta,11,4,25.472,1,0.109011,0.9375,0,5,11117,0,0,0,0
22436,2022/3/25 20:21,Siesta siesta,11,4,25.525,1,0.065531,0.9375,0,5,10424,0,0,0,0
22437,2022/3/25 20:21,Siesta siesta,11,4,25.576,1,0.023443,0.9375,0,5,10272,0,0,0,0
22438,2022/3/25 20:21,Siesta siesta,11,4,25.628,1,0.02561,0.947744,0,5,10198,0,0,0,0
22439,2022/3/25 20:21,Siesta siesta,11,4,25.679,1,0.083724,0.97099,0,5,10259,0,0,0,0
22440,2022/3/25 20:21,Siesta siesta,11,4,25.732,1,0.142324,0.99443,0,5,10359,0,0,0,0
22442,2022/3/25 20:21,Siesta siesta,11,4,25.782,1,0.148041,1,0,5,10455,0,0,0,0
22443,2022/3/25 20:21,Siesta siesta,11,4,25.833,1,0.136921,1,0,5,10583,0,0,0,0
22444,2022/3/25 20:21,Siesta siesta,11,4,25.885,1,0.125758,1,0,5,10699,0,0,0,0
22445,2022/3/25 20:21,Siesta siesta,11,4,25.936,1,0.103736,1,0,5,10814,0,0,0,0
22446,2022/3/25 20:21,Siesta siesta,11,4,25.986,1,0.081293,1,0,5,10885,0,0,0,0
22447,2022/3/25 20:21,Siesta siesta,11,4,26.038,1,0.060422,1,0,5,10971,0,0,0,0
22448,2022/3/25 20:21,Siesta siesta,11,4,26.089,1,0.049976,1,0,5,11058,0,0,0,0
22449,2022/3/25 20:21,Siesta siesta,11,4,26.143,1,0.038913,1,0,5,11147,0,0,0,0
22450,2022/3/25 20:21,Siesta siesta,11,4,26.197,1,0.03125,1,0,5,11255,0,0,0,0
22451,2022/3/25 20:21,Siesta siesta,11,4,26.246,1,0.03125,1,0,5,11351,0,0,0,0
22453,2022/3/25 20:21,Siesta siesta,11,4,26.299,1,0.03125,1,0,5,11445,0,0,0,0
22454,2022/3/25 20:21,Siesta siesta,11,4,26.349,1,0.03125,1,0,5,11536,0,0,0,0
22455,2022/3/25 20:21,Siesta siesta,11,4,26.399,1,0.03125,1,0,5,11616,0,0,0,0
22456,2022/3/25 20:21,Siesta siesta,11,4,26.45,1,0.03125,1,0,5,11691,0,0,0,0
22457,2022/3/25 20:21,Siesta siesta,11,4,26.502,1,0.03125,1,0,6,10853,0,0,0,0
22458,2022/3/25 20:21,Siesta siesta,11,4,26.559,1,0.03125,1,0,6,10327,0,0,0,0
22459,2022/3/25 20:21,Siesta siesta,11,4,26.602,1,0.03125,1,0,6,10374,0,0,0,0
22460,2022/3/25 20:21,Siesta siesta,11,4,26.653,1,0.025428,1,0,6,10438,0,0,0,0
22461,2022/3/25 20:21,Siesta siesta,11,4,26.706,1,0.014381,1,0,6,10504,0,0,0,0
22462,2022/3/25 20:21,Siesta siesta,11,4,26.756,1,0.00386,1,0,6,10574,0,0,0,0
22464,2022/3/25 20:21,Siesta siesta,11,4,26.807,1,0,1,0,6,10645,0,0,0,0
22465,2022/3/25 20:21,Siesta siesta,11,4,26.858,1,0,1,0,6,10717,0,0,0,0
22466,2022/3/25 20:21,Siesta siesta,11,4,26.908,1,0,1,0,6,10788,0,0,0,0
22467,2022/3/25 20:21,Siesta siesta,11,4,26.96,1,0,1,0,6,10860,0,0,0,0
22468,2022/3/25 20:21,Siesta siesta,11,4,27.019,1,0,1,0,6,10938,0,0,0,0
22469,2022/3/25 20:21,Siesta siesta,11,4,27.068,1,0,1,0,6,11006,0,0,0,0
22470,2022/3/25 20:21,Siesta siesta,11,4,27.126,1,0,1,0,6,11074,0,0,0,0
22471,2022/3/25 20:21,Siesta siesta,11,4,27.176,1,0,1,0,6,11122,0,0,0,0
22473,2022/3/25 20:21,Siesta siesta,11,4,27.283,1,0,1,0,6,11235,0,0,0,0
22474,2022/3/25 20:21,Siesta siesta,11,4,27.341,1,0,1,0,6,11311,0,0,0,0
22475,2022/3/25 20:21,Siesta siesta,11,4,27.389,1,0,1,0,6,11375,0,0,0,0
22476,2022/3/25 20:21,Siesta siesta,11,4,27.448,1,0,1,0,6,11437,0,0,0,0
22477,2022/3/25 20:21,Siesta siesta,11,4,27.497,1,0,1,0,6,11486,0,0,0,0
22478,2022/3/25 20:21,Siesta siesta,11,4,27.555,1,0,1,0,6,11548,0,0,0,0
22479,2022/3/25 20:21,Siesta siesta,11,4,27.604,1,0,1,0,6,11612,0,0,0,0
22480,2022/3/25 20:21,Siesta siesta,11,4,27.662,1,0,1,0,6,11690,0,0,0,0
22481,2022/3/25 20:21,Siesta siesta,11,4,27.713,1,0,1,0,6,11750,0,0,0,0
22482,2022/3/25 20:21,Siesta siesta,11,4,27.771,1,0,1,0,6,11772,0,0,0,0
22484,2022/3/25 20:21,Siesta siesta,11,4,27.814,1,0,1,0,7,10923,0,0,0,0
22485,2022/3/25 20:21,Siesta siesta,11,4,27.867,1,0,1,0,7,10435,0,0,0,0
22486,2022/3/25 20:21,Siesta siesta,11,4,27.916,1,0,1,0,7,10450,0,0,0,0
22487,2022/3/25 20:21,Siesta siesta,11,4,27.968,1,0,1,0,7,10470,0,0,0,0
22488,2022/3/25 20:21,Siesta siesta,11,4,28.017,1,0,1,0,7,10502,0,0,0,0
22489,2022/3/25 20:21,Siesta siesta,11,4,28.069,1,0,1,0,7,10540,0,0,0,0
22490,2022/3/25 20:21,Siesta siesta,11,4,28.12,1,0,1,0,7,10580,0,0,0,0
22491,2022/3/25 20:21,Siesta siesta,11,4,28.171,1,0,1,0,7,10622,0,0,0,0
22492,2022/3/25 20:21,Siesta siesta,11,4,28.224,1,0,1,0,7,10665,0,0,0,0
22493,2022/3/25 20:21,Siesta siesta,11,4,28.275,1,0,1,0,7,10707,0,0,0,0
22495,2022/3/25 20:21,Siesta siesta,11,4,28.328,1,0,1,0,7,10749,0,0,0,0
22496,2022/3/25 20:21,Siesta siesta,11,4,28.381,1,0,1,0,7,10795,0,0,0,0
22497,2022/3/25 20:21,Siesta siesta,11,4,28.434,1,0,1,0,7,10837,0,0,0,0
22498,2022/3/25 20:21,Siesta siesta,11,4,28.486,1,0,1,0,7,10880,0,0,0,0
22499,2022/3/25 20:21,Siesta siesta,11,4,28.538,1,0,1,0,7,10923,0,0,0,0
22500,2022/3/25 20:21,Siesta siesta,11,4,28.591,1,0,1,0,7,10958,0,0,0,0
22501,2022/3/25 20:21,Siesta siesta,11,4,28.643,1,0,1,0,7,10984,0,0,0,0
22502,2022/3/25 20:21,Siesta siesta,11,4,28.697,1,0,1,0,7,11007,0,0,0,0
22503,2022/3/25 20:21,Siesta siesta,11,4,28.697,1,0,1,0,7,11041,0,0,0,0
22505,2022/3/25 20:21,Siesta siesta,11,4,28.803,1,0,1,0,7,11080,0,0,0,0
22507,2022/3/25 20:21,Siesta siesta,11,4,28.91,1,0,1,0,7,11167,0,0,0,0
22508,2022/3/25 20:21,Siesta siesta,11,4,28.963,1,0,1,0,7,11210,0,0,0,0
22509,2022/3/25 20:21,Siesta siesta,11,4,29.017,1,0,1,0,7,11253,0,0,0,0
22510,2022/3/25 20:21,Siesta siesta,11,4,29.07,1,0,1,0,7,11282,0,0,0,0
22511,2022/3/25 20:21,Siesta siesta,11,4,29.125,1,0,1,0,7,11308,0,0,0,0
22512,2022/3/25 20:21,Siesta siesta,11,4,29.178,1,0,1,0,7,11331,0,0,0,0
22513,2022/3/25 20:21,Siesta siesta,11,4,29.234,1,0,1,0,7,11355,0,0,0,0
22514,2022/3/25 20:21,Siesta siesta,11,4,29.28,1,0,1,0,7,11376,0,0,0,0
22516,2022/3/25 20:21,Siesta siesta,11,4,29.335,1,0,1,0,7,11400,0,0,0,0
22517,2022/3/25 20:21,Siesta siesta,11,4,29.389,1,0,1,0,7,11425,0,0,0,0
22518,2022/3/25 20:21,Siesta siesta,11,4,29.444,1,0,1,0,7,11450,0,0,0,0
22519,2022/3/25 20:21,Siesta siesta,11,4,29.491,1,0,1,0,7,11482,0,0,0,0
22520,2022/3/25 20:21,Siesta siesta,11,4,29.551,1,0,1,0,7,11530,0,0,0,0
22521,2022/3/25 20:21,Siesta siesta,11,4,29.597,1,0,1,0,7,11567,0,0,0,0
22522,2022/3/25 20:21,Siesta siesta,11,4,29.654,1,0,1,0,7,11602,0,0,0,0
22523,2022/3/25 20:21,Siesta siesta,11,4,29.703,1,0,1,0,7,11626,0,0,0,0
22524,2022/3/25 20:21,Siesta siesta,11,4,29.758,1,0,1,0,7,11651,0,0,0,0
22526,2022/3/25 20:21,Siesta siesta,11,4,29.805,1,0,1,0,7,11672,0,0,0,0
22527,2022/3/25 20:21,Siesta siesta,11,4,29.859,1,0,1,0,7,11696,0,0,0,0
22528,2022/3/25 20:21,Siesta siesta,11,4,29.912,1,0,1,0,8,10585,0,0,0,0
22529,2022/3/25 20:21,Siesta siesta,11,4,29.968,1,0,1,0,8,10192,0,0,0,0
22530,2022/3/25 20:21,Siesta siesta,11,4,30.012,1,0,1,0,8,10191,0,0,0,0
22531,2022/3/25 20:21,Siesta siesta,11,4,30.07,1,0,1,0,8,10198,0,0,0,0
22532,2022/3/25 20:21,Siesta siesta,11,4,30.118,1,0,1,0,8,10211,0,0,0,0
22533,2022/3/25 20:21,Siesta siesta,11,4,30.168,1,0,1,0,8,10230,0,0,0,0
22534,2022/3/25 20:21,Siesta siesta,11,4,30.224,1,0,1,0,8,10250,0,0,0,0
22535,2022/3/25 20:21,Siesta siesta,11,4,30.268,1,0,1,0,8,10268,0,0,0,0
22537,2022/3/25 20:21,Siesta siesta,11,4,30.327,1,0,1,0,8,10290,0,0,0,0
22538,2022/3/25 20:21,Siesta siesta,11,4,30.375,1,0,1,0,8,10301,0,0,0,0
22539,2022/3/25 20:21,Siesta siesta,11,4,30.429,1,0,1,0,8,10307,0,0,0,0
22540,2022/3/25 20:21,Siesta siesta,11,4,30.483,1,0,1,0,8,10313,0,0,0,0
22541,2022/3/25 20:21,Siesta siesta,11,4,30.538,1,0,1,0,8,10328,0,0,0,0
22542,2022/3/25 20:21,Siesta siesta,11,4,30.592,1,0,1,0,8,10346,0,0,0,0
22543,2022/3/25 20:21,Siesta siesta,11,4,30.644,1,0,1,0,8,10367,0,0,0,0
22544,2022/3/25 20:21,Siesta siesta,11,4,30.698,1,0,1,0,8,10389,0,0,0,0
22545,2022/3/25 20:21,Siesta siesta,11,4,30.754,1,0,1,0,8,10413,0,0,0,0
22547,2022/3/25 20:21,Siesta siesta,11,4,30.808,1,0,1,0,8,10431,0,0,0,0
22548,2022/3/25 20:21,Siesta siesta,11,4,30.861,1,0,1,0,8,10440,0,0,0,0
22549,2022/3/25 20:21,Siesta siesta,11,4,30.908,1,0,1,0,8,10445,0,0,0,0
22550,2022/3/25 20:21,Siesta siesta,11,4,30.961,1,0,1,0,8,10459,0,0,0,0
22551,2022/3/25 20:21,Siesta siesta,11,4,31.017,1,0,1,0,8,10479,0,0,0,0
22552,2022/3/25 20:21,Siesta siesta,11,4,31.063,1,0,1,0,8,10497,0,0,0,0
22553,2022/3/25 20:21,Siesta siesta,11,4,31.118,1,0,1,0,8,10521,0,0,0,0
22554,2022/3/25 20:21,Siesta siesta,11,4,31.172,1,0,1,0,8,10545,0,0,0,0
22555,2022/3/25 20:21,Siesta siesta,11,4,31.225,1,0,1,0,8,10566,0,0,0,0
22556,2022/3/25 20:21,Siesta siesta,11,4,31.278,1,0,1,0,8,10575,0,0,0,0
22558,2022/3/25 20:21,Siesta siesta,11,4,31.33,1,0,1,0,8,10583,0,0,0,0
22559,2022/3/25 20:21,Siesta siesta,11,4,31.384,1,0,1,0,8,10589,0,0,0,0
22560,2022/3/25 20:21,Siesta siesta,11,4,31.437,1,0,1,0,8,10595,0,0,0,0
22561,2022/3/25 20:21,Siesta siesta,11,4,31.49,1,0,1,0,8,10601,0,0,0,0
22562,2022/3/25 20:21,Siesta siesta,11,4,31.544,1,0,1,0,8,10615,0,0,0,0
22563,2022/3/25 20:21,Siesta siesta,11,4,31.596,1,0,1,0,8,10637,0,0,0,0
22564,2022/3/25 20:21,Siesta siesta,11,4,31.648,1,0,1,0,8,10658,0,0,0,0
22566,2022/3/25 20:21,Siesta siesta,11,4,31.7,1,0,1,0,8,10670,0,0,0,0
22567,2022/3/25 20:21,Siesta siesta,11,4,31.753,1,0,1,0,8,10676,0,0,0,0
22569,2022/3/25 20:21,Siesta siesta,11,4,31.805,1,0,1,0,8,10681,0,0,0,0
22570,2022/3/25 20:21,Siesta siesta,11,4,31.857,1,0,1,0,8,10688,0,0,0,0
22571,2022/3/25 20:21,Siesta siesta,11,4,31.909,1,0,1,0,8,10694,0,0,0,0
22572,2022/3/25 20:21,Siesta siesta,11,4,31.961,1,0,1,0,8,10704,0,0,0,0
22573,2022/3/25 20:21,Siesta siesta,11,4,32.012,1,0,1,0,8,10722,0,0,0,0
22574,2022/3/25 20:21,Siesta siesta,11,4,32.064,1,0,1,0,8,10744,0,0,0,0
22575,2022/3/25 20:21,Siesta siesta,11,4,32.117,1,0,1,0,8,10763,0,0,0,0
22576,2022/3/25 20:21,Siesta siesta,11,4,32.17,1,0,1,0,8,10773,0,0,0,0
22577,2022/3/25 20:21,Siesta siesta,11,4,32.222,1,0,1,0,8,10778,0,0,0,0
22578,2022/3/25 20:21,Siesta siesta,11,4,32.273,1,0,1,0,8,10783,0,0,0,0
22580,2022/3/25 20:21,Siesta siesta,11,4,32.325,1,0,1,0,8,10787,0,0,0,0
22581,2022/3/25 20:21,Siesta siesta,11,4,32.377,1,0,0.995555,0,8,10790,0,0,0,0
22582,2022/3/25 20:21,Siesta siesta,11,4,32.427,1,0,0.763521,0,8,10773,0,0,0,0
22583,2022/3/25 20:21,Siesta siesta,11,4,32.482,1,0,0.506094,0,8,10768,0,0,0,0
22584,2022/3/25 20:21,Siesta siesta,11,4,32.532,1,0,0.295308,0.055016,7,12119,0,0,0,0
22585,2022/3/25 20:21,Siesta siesta,11,4,32.59,1,0,0.172969,0.446498,7,12045,0,0,0,0
22586,2022/3/25 20:21,Siesta siesta,11,4,32.636,1,0,0.073873,0.763608,7,11745,0,0,0,0
22587,2022/3/25 20:21,Siesta siesta,11,4,32.692,1,0.004512,0,1,6,12091,0,0,0,0
22589,2022/3/25 20:21,Siesta siesta,11,4,32.791,1,0.02581,0,1,6,12218,0,0,0,0
22591,2022/3/25 20:21,Siesta siesta,11,4,32.845,1,0.043332,0,1,5,12621,0,0,0,0
22592,2022/3/25 20:21,Siesta siesta,11,4,32.898,1,0.065162,0,1,5,13092,0,0,0,0
22593,2022/3/25 20:21,Siesta siesta,11,4,32.925,1,0.076576,0,1,5,12739,0,0,0,0
22594,2022/3/25 20:21,Siesta siesta,11,4,32.999,1,0.107625,0,0.958375,5,12318,0,0,0,0
22595,2022/3/25 20:21,Siesta siesta,11,4,33.051,1,0.129658,0,0.892275,5,11945,0,0,0,0
22596,2022/3/25 20:21,Siesta siesta,11,4,33.104,1,0.152512,0,0.823713,5,11580,0,0,0,0
22597,2022/3/25 20:21,Siesta siesta,11,4,33.157,1,0.165355,0,0.703236,4,12230,0,0,0,0
22598,2022/3/25 20:21,Siesta siesta,11,4,33.21,1,0.176593,0,0.568382,4,12566,0,0,0,0
22599,2022/3/25 20:21,Siesta siesta,11,4,33.263,1,0.1875,0,0.43676,4,12593,0,0,0,0
22601,2022/3/25 20:21,Siesta siesta,11,4,33.317,1,0.1875,0,0.39237,4,12394,0,0,0,0
22602,2022/3/25 20:21,Siesta siesta,11,4,33.369,1,0.1875,0,0.348899,4,12183,0,0,0,0
22603,2022/3/25 20:21,Siesta siesta,11,4,33.422,1,0.195776,0,0.3125,4,12038,0,0,0,0
22604,2022/3/25 20:21,Siesta siesta,11,4,33.474,1,0.242006,0,0.3125,4,11847,0,0,0,0
22606,2022/3/25 20:21,Siesta siesta,11,4,33.527,1,0.323788,0,0.289923,4,11417,0,0,0,0
22607,2022/3/25 20:21,Siesta siesta,11,4,33.624,1,0.343058,0,0.251384,4,11300,0,0,0,0
22608,2022/3/25 20:21,Siesta siesta,11,4,33.678,1,0.366939,0,0.203622,4,11151,0,0,0,0
22609,2022/3/25 20:21,Siesta siesta,11,4,33.732,1,0.382142,0,0.144648,4,11033,0,0,0,0
22610,2022/3/25 20:21,Siesta siesta,11,4,33.784,1,0.39278,0,0.080821,4,10935,0,0,0,0
22612,2022/3/25 20:21,Siesta siesta,11,4,33.839,1,0.40392,0,0.013981,4,10863,0,0,0,0
22613,2022/3/25 20:21,Siesta siesta,11,4,33.894,1,0.40625,0.018499,0,4,10799,0,0,0,0
22614,2022/3/25 20:21,Siesta siesta,11,4,33.947,1,0.40625,0.040592,0,4,10756,0,0,0,0
22615,2022/3/25 20:21,Siesta siesta,11,4,34,1,0.406245,0.062509,0,4,10713,0,0,0,0
22616,2022/3/25 20:21,Siesta siesta,11,4,34.054,1,0.383358,0.108284,0,4,10666,0,0,0,0
22617,2022/3/25 20:21,Siesta siesta,11,4,34.109,1,0.359919,0.155162,0,4,10617,0,0,0,0
22618,2022/3/25 20:21,Siesta siesta,11,4,34.162,1,0.321534,0.212889,0,4,10607,0,0,0,0
22619,2022/3/25 20:21,Siesta siesta,11,4,34.215,1,0.244288,0.301171,0,4,10589,0,0,0,0
22620,2022/3/25 20:21,Siesta siesta,11,4,34.268,1,0.166896,0.389618,0,4,10643,0,0,0,0
22622,2022/3/25 20:21,Siesta siesta,11,4,34.323,1,0.125,0.472972,0,4,10750,0,0,0,0
22623,2022/3/25 20:21,Siesta siesta,11,4,34.323,1,0.125,0.543856,0,4,10823,0,0,0,0
22624,2022/3/25 20:21,Siesta siesta,11,4,34.43,1,0.125,0.613901,0,4,10909,0,0,0,0
22625,2022/3/25 20:21,Siesta siesta,11,4,34.483,1,0.078705,0.662036,0,4,10915,0,0,0,0
22626,2022/3/25 20:21,Siesta siesta,11,4,34.537,1,0.02265,0.70688,0,4,10991,0,0,0,0
22627,2022/3/25 20:21,Siesta siesta,11,4,34.592,1,-0.035065,0.748728,0,4,11026,0,0,0,0
22628,2022/3/25 20:21,Siesta siesta,11,4,34.646,1,-0.102611,0.726213,0,4,11129,0,0,0,0
22629,2022/3/25 20:21,Siesta siesta,11,4,34.699,1,-0.169038,0.704071,0,4,11436,0,0,0,0
22630,2022/3/25 20:21,Siesta siesta,11,4,34.753,1,-0.224802,0.6875,0,5,10497,0,0,0,0
22631,2022/3/25 20:21,Siesta siesta,11,4,34.807,1,-0.247397,0.6875,0,5,9884,0,0,0,0
22632,2022/3/25 20:21,Siesta siesta,11,4,34.861,1,-0.269889,0.6875,0,5,9851,0,0,0,0
22633,2022/3/25 20:21,Siesta siesta,11,4,34.915,1,-0.28125,0.699529,0,5,9856,0,0,0,0
22634,2022/3/25 20:21,Siesta siesta,11,4,34.968,1,-0.28125,0.723154,0,5,9891,0,0,0,0
22635,2022/3/25 20:21,Siesta siesta,11,4,35.023,1,-0.28125,0.747841,0,5,10154,0,0,0,0
22636,2022/3/25 20:21,Siesta siesta,11,4,35.077,1,-0.28125,0.790515,0,5,10107,0,0,0,0
22637,2022/3/25 20:21,Siesta siesta,11,4,35.13,1,-0.28125,0.83485,0,5,10141,0,0,0,0
22638,2022/3/25 20:21,Siesta siesta,11,4,35.185,1,-0.278812,0.875,0,5,10210,0,0,0,0
22639,2022/3/25 20:21,Siesta siesta,11,4,35.185,1,-0.255844,0.875,0,5,10303,0,0,0,0
22640,2022/3/25 20:21,Siesta siesta,11,4,35.293,1,-0.233503,0.875,0,5,10423,0,0,0,0
22642,2022/3/25 20:21,Siesta siesta,11,4,35.348,1,-0.210507,0.883243,0,5,10571,0,0,0,0
22643,2022/3/25 20:21,Siesta siesta,11,4,35.401,1,-0.187719,0.906031,0,5,10688,0,0,0,0
22644,2022/3/25 20:21,Siesta siesta,11,4,35.457,1,-0.163841,0.929909,0,5,10747,0,0,0,0
22645,2022/3/25 20:21,Siesta siesta,11,4,35.512,1,-0.15625,0.953344,0,5,10817,0,0,0,0
22646,2022/3/25 20:21,Siesta siesta,11,4,35.566,1,-0.15625,0.97649,0,5,10920,0,0,0,0
22647,2022/3/25 20:21,Siesta siesta,11,4,35.621,1,-0.15625,0.999998,0,5,11033,0,0,0,0
22648,2022/3/25 20:21,Siesta siesta,11,4,35.676,1,-0.15625,1,0,5,11084,0,0,0,0
22649,2022/3/25 20:21,Siesta siesta,11,4,35.729,1,-0.15625,1,0,5,11110,0,0,0,0
22650,2022/3/25 20:21,Siesta siesta,11,4,35.781,1,-0.150372,1,0,5,11174,0,0,0,0
22652,2022/3/25 20:21,Siesta siesta,11,4,35.836,1,-0.137938,1,0,5,11249,0,0,0,0
22653,2022/3/25 20:21,Siesta siesta,11,4,35.89,1,-0.125599,1,0,5,11333,0,0,0,0
22654,2022/3/25 20:21,Siesta siesta,11,4,35.944,1,-0.113298,1,0,5,11411,0,0,0,0
22655,2022/3/25 20:21,Siesta siesta,11,4,35.997,1,-0.101033,1,0,5,11505,0,0,0,0
22656,2022/3/25 20:21,Siesta siesta,11,4,35.997,1,-0.098593,1,0,5,11602,0,0,0,0
22657,2022/3/25 20:21,Siesta siesta,11,4,36.104,1,-0.11116,1,0,5,11687,0,0,0,0
22658,2022/3/25 20:21,Siesta siesta,11,4,36.158,1,-0.12363,1,0,5,11779,0,0,0,0
22659,2022/3/25 20:21,Siesta siesta,11,4,36.21,1,-0.104969,1,0,6,10435,0,0,0,0
22660,2022/3/25 20:21,Siesta siesta,11,4,36.263,1,-0.082044,1,0,6,10373,0,0,0,0
22661,2022/3/25 20:21,Siesta siesta,11,4,36.317,1,-0.0625,1,0,6,10420,0,0,0,0
22662,2022/3/25 20:21,Siesta siesta,11,4,36.368,1,-0.0625,1,0,6,10461,0,0,0,0
22663,2022/3/25 20:21,Siesta siesta,11,4,36.43,1,-0.0625,1,0,6,10589,0,0,0,0
22664,2022/3/25 20:21,Siesta siesta,11,4,36.48,1,-0.057414,1,0,6,10611,0,0,0,0
22665,2022/3/25 20:21,Siesta siesta,11,4,36.537,1,-0.045451,1,0,6,10744,0,0,0,0
22666,2022/3/25 20:21,Siesta siesta,11,4,36.584,1,-0.035709,1,0,6,10740,0,0,0,0
22667,2022/3/25 20:21,Siesta siesta,11,4,36.639,1,-0.03125,1,0,6,10831,0,0,0,0
22669,2022/3/25 20:21,Siesta siesta,11,4,36.687,1,-0.03125,1,0,6,10855,0,0,0,0
22670,2022/3/25 20:21,Siesta siesta,11,4,36.742,1,-0.03125,1,0,6,10918,0,0,0,0
22671,2022/3/25 20:21,Siesta siesta,11,4,36.79,1,-0.01578,1,0,6,10949,0,0,0,0
22673,2022/3/25 20:21,Siesta siesta,11,4,36.848,1,0,1,0,6,11003,0,0,0,0
22674,2022/3/25 20:21,Siesta siesta,11,4,36.897,1,0,1,0,6,11063,0,0,0,0
22675,2022/3/25 20:21,Siesta siesta,11,4,36.955,1,0,1,0,6,11132,0,0,0,0
22676,2022/3/25 20:21,Siesta siesta,11,4,37.003,1,0,1,0,6,11180,0,0,0,0
22677,2022/3/25 20:21,Siesta siesta,11,4,37.059,1,0,1,0,6,11231,0,0,0,0
22678,2022/3/25 20:21,Siesta siesta,11,4,37.105,1,0,1,0,6,11270,0,0,0,0
22679,2022/3/25 20:21,Siesta siesta,11,4,37.161,1,0,1,0,6,11326,0,0,0,0
22680,2022/3/25 20:21,Siesta siesta,11,4,37.207,1,0,1,0,6,11394,0,0,0,0
22681,2022/3/25 20:21,Siesta siesta,11,4,37.263,1,0,1,0,6,11462,0,0,0,0
22682,2022/3/25 20:21,Siesta siesta,11,4,37.319,1,0,1,0,6,11517,0,0,0,0
22684,2022/3/25 20:21,Siesta siesta,11,4,37.371,1,0,1,0,6,11566,0,0,0,0
22685,2022/3/25 20:21,Siesta siesta,11,4,37.422,1,0,1,0,6,11615,0,0,0,0
22686,2022/3/25 20:21,Siesta siesta,11,4,37.475,1,0,1,0,6,11663,0,0,0,0
22687,2022/3/25 20:21,Siesta siesta,11,4,37.527,1,0,1,0,6,11711,0,0,0,0
22688,2022/3/25 20:21,Siesta siesta,11,4,37.58,1,0,1,0,7,11510,0,0,0,0
22689,2022/3/25 20:21,Siesta siesta,11,4,37.634,1,0,1,0,7,10347,0,0,0,0
22690,2022/3/25 20:21,Siesta siesta,11,4,37.686,1,0,1,0,7,10353,0,0,0,0
22691,2022/3/25 20:21,Siesta siesta,11,4,37.739,1,0,1,0,7,10380,0,0,0,0
22692,2022/3/25 20:21,Siesta siesta,11,4,37.792,1,0,1,0,7,10393,0,0,0,0
22694,2022/3/25 20:21,Siesta siesta,11,4,37.845,1,0,1,0,7,10415,0,0,0,0
22695,2022/3/25 20:21,Siesta siesta,11,4,37.898,1,0,1,0,7,10449,0,0,0,0
22696,2022/3/25 20:21,Siesta siesta,11,4,37.953,1,0,1,0,7,10490,0,0,0,0
22697,2022/3/25 20:21,Siesta siesta,11,4,38.006,1,0,1,0,7,10533,0,0,0,0
22698,2022/3/25 20:21,Siesta siesta,11,4,38.06,1,0,1,0,7,10577,0,0,0,0
22699,2022/3/25 20:21,Siesta siesta,11,4,38.113,1,0,1,0,7,10609,0,0,0,0
22700,2022/3/25 20:21,Siesta siesta,11,4,38.165,1,0,1,0,7,10622,0,0,0,0
22701,2022/3/25 20:21,Siesta siesta,11,4,38.221,1,0,1,0,7,10651,0,0,0,0
22702,2022/3/25 20:21,Siesta siesta,11,4,38.264,1,0,1,0,7,10681,0,0,0,0
22703,2022/3/25 20:21,Siesta siesta,11,4,38.319,1,0,1,0,7,10721,0,0,0,0
22705,2022/3/25 20:21,Siesta siesta,11,4,38.372,1,0,1,0,7,10758,0,0,0,0
22707,2022/3/25 20:21,Siesta siesta,11,4,38.424,1,0,1,0,7,10832,0,0,0,0
22708,2022/3/25 20:21,Siesta siesta,11,4,38.526,1,0,1,0,7,10847,0,0,0,0
22710,2022/3/25 20:21,Siesta siesta,11,4,38.635,1,0,1,0,7,10898,0,0,0,0
22711,2022/3/25 20:21,Siesta siesta,11,4,38.686,1,0,1,0,7,10934,0,0,0,0
22712,2022/3/25 20:21,Siesta siesta,11,4,38.728,1,0,1,0,7,10965,0,0,0,0
22713,2022/3/25 20:21,Siesta siesta,11,4,38.787,1,0,1,0,7,11000,0,0,0,0
22715,2022/3/25 20:21,Siesta siesta,11,4,38.845,1,0,1,0,7,11014,0,0,0,0
22716,2022/3/25 20:21,Siesta siesta,11,4,38.895,1,0,1,0,7,11040,0,0,0,0
22717,2022/3/25 20:21,Siesta siesta,11,4,38.946,1,0,1,0,7,11074,0,0,0,0
22718,2022/3/25 20:21,Siesta siesta,11,4,39.001,1,0,1,0,7,11108,0,0,0,0
22719,2022/3/25 20:21,Siesta siesta,11,4,39.056,1,0,1,0,7,11118,0,0,0,0
22720,2022/3/25 20:21,Siesta siesta,11,4,39.109,1,0,1,0,7,11140,0,0,0,0
22721,2022/3/25 20:21,Siesta siesta,11,4,39.158,1,0,1,0,7,11175,0,0,0,0
22723,2022/3/25 20:21,Siesta siesta,11,4,39.268,1,0,1,0,7,11225,0,0,0,0
22724,2022/3/25 20:21,Siesta siesta,11,4,39.315,1,0,1,0,7,11244,0,0,0,0
22726,2022/3/25 20:21,Siesta siesta,11,4,39.373,1,0,1,0,7,11270,0,0,0,0
22727,2022/3/25 20:21,Siesta siesta,11,4,39.421,1,-0.003184,1,0,7,11275,0,0,0,0
22728,2022/3/25 20:21,Siesta siesta,11,4,39.477,1,-0.026761,1,0,7,11299,0,0,0,0
22729,2022/3/25 20:21,Siesta siesta,11,4,39.524,1,-0.03125,1,0,7,11329,0,0,0,0
22730,2022/3/25 20:21,Siesta siesta,11,4,39.582,1,-0.03125,1,0,7,11363,0,0,0,0
22731,2022/3/25 20:21,Siesta siesta,11,4,39.628,1,-0.03125,1,0,7,11374,0,0,0,0
22732,2022/3/25 20:21,Siesta siesta,11,4,39.683,1,-0.03125,1,0,7,11393,0,0,0,0
22733,2022/3/25 20:21,Siesta siesta,11,4,39.73,1,-0.03125,1,0,7,11417,0,0,0,0
22734,2022/3/25 20:21,Siesta siesta,11,4,39.786,1,-0.03125,1,0,7,11426,0,0,0,0
22735,2022/3/25 20:21,Siesta siesta,11,4,39.833,1,-0.03125,1,0,7,11443,0,0,0,0
22737,2022/3/25 20:21,Siesta siesta,11,4,39.889,1,-0.03125,1,0,7,11474,0,0,0,0
22738,2022/3/25 20:21,Siesta siesta,11,4,39.936,1,-0.03125,1,0,7,11497,0,0,0,0
22739,2022/3/25 20:21,Siesta siesta,11,4,39.991,1,-0.03125,1,0,7,11521,0,0,0,0
22740,2022/3/25 20:21,Siesta siesta,11,4,40.039,1,-0.03125,1,0,7,11526,0,0,0,0
22741,2022/3/25 20:21,Siesta siesta,11,4,40.094,1,-0.03125,1,0,7,11529,0,0,0,0
22742,2022/3/25 20:21,Siesta siesta,11,4,40.139,1,-0.03125,1,0,7,11541,0,0,0,0
22743,2022/3/25 20:21,Siesta siesta,11,4,40.195,1,-0.03125,1,0,7,11564,0,0,0,0
22744,2022/3/25 20:21,Siesta siesta,11,4,40.242,1,-0.03125,1,0,7,11586,0,0,0,0
22745,2022/3/25 20:21,Siesta siesta,11,4,40.296,1,-0.03125,1,0,7,11613,0,0,0,0
22746,2022/3/25 20:21,Siesta siesta,11,4,40.344,1,-0.03125,1,0,7,11626,0,0,0,0
22747,2022/3/25 20:21,Siesta siesta,11,4,40.4,1,-0.03125,1,0,7,11629,0,0,0,0
22748,2022/3/25 20:21,Siesta siesta,11,4,40.447,1,-0.03125,1,0,7,11640,0,0,0,0
22749,2022/3/25 20:21,Siesta siesta,11,4,40.501,1,-0.03125,1,0,7,11663,0,0,0,0
22750,2022/3/25 20:21,Siesta siesta,11,4,40.547,1,-0.03125,1,0,7,11678,0,0,0,0
22751,2022/3/25 20:21,Siesta siesta,11,4,40.601,1,-0.03125,1,0,7,11683,0,0,0,0
22752,2022/3/25 20:21,Siesta siesta,11,4,40.656,1,-0.03125,1,0,7,11692,0,0,0,0
22753,2022/3/25 20:21,Siesta siesta,11,4,40.709,1,-0.03125,1,0,7,11714,0,0,0,0
22754,2022/3/25 20:21,Siesta siesta,11,4,40.764,1,-0.03125,1,0,7,11736,0,0,0,0
22755,2022/3/25 20:21,Siesta siesta,11,4,40.817,1,-0.03125,1,0,7,11746,0,0,0,0
22757,2022/3/25 20:21,Siesta siesta,11,4,40.872,1,-0.03125,1,0,7,11751,0,0,0,0
22758,2022/3/25 20:21,Siesta siesta,11,4,40.91,1,-0.03125,1,0,7,11755,0,0,0,0
22759,2022/3/25 20:21,Siesta siesta,11,4,40.965,2,-0.03125,1,0,7,11761,0,0,0,0
22760,2022/3/25 20:21,Siesta siesta,11,4,41.018,2,-0.03125,1,0,7,11766,0,0,0,0
22761,2022/3/25 20:21,Siesta siesta,11,4,41.064,2,-0.03125,1,0,7,11772,0,0,0,0
22762,2022/3/25 20:21,Siesta siesta,11,4,41.12,2,-0.03125,1,0,7,11780,0,0,0,0
22763,2022/3/25 20:21,Siesta siesta,11,4,41.167,2,-0.03125,1,0,7,11788,0,0,0,0
22764,2022/3/25 20:21,Siesta siesta,11,4,41.223,2,-0.03125,1,0,7,11798,0,0,0,0
22765,2022/3/25 20:21,Siesta siesta,11,4,41.274,2,-0.03125,1,0,7,11731,0,0,0,0
22766,2022/3/25 20:21,Siesta siesta,11,4,41.323,2,-0.03125,1,0,7,11801,0,0,0,0
22768,2022/3/25 20:21,Siesta siesta,11,4,41.374,2,-0.03125,1,0,7,11828,0,0,0,0
22769,2022/3/25 20:21,Siesta siesta,11,4,41.425,2,-0.03125,1,0,7,11847,0,0,0,0
22770,2022/3/25 20:21,Siesta siesta,11,4,41.475,2,-0.03125,1,0,7,11774,0,0,0,0
22771,2022/3/25 20:21,Siesta siesta,11,4,41.527,2,-0.03125,1,0,7,11862,0,0,0,0
22772,2022/3/25 20:21,Siesta siesta,11,4,41.576,2,-0.03125,1,0,7,11896,0,0,0,0
22773,2022/3/25 20:21,Siesta siesta,11,4,41.628,2,-0.03125,1,0,7,11909,0,0,0,0
22775,2022/3/25 20:21,Siesta siesta,11,4,41.678,2,-0.03125,1,0,7,11828,0,0,0,0
22776,2022/3/25 20:21,Siesta siesta,11,4,41.73,2,-0.020672,1,0,7,11880,0,0,0,0
22777,2022/3/25 20:21,Siesta siesta,11,4,41.782,2,-0.006269,1,0,7,11906,0,0,0,0
22778,2022/3/25 20:21,Siesta siesta,11,4,41.833,2,0,1,0,7,11925,0,0,0,0
22779,2022/3/25 20:21,Siesta siesta,11,4,41.885,2,0,1,0,7,11865,0,0,0,0
22780,2022/3/25 20:21,Siesta siesta,11,4,41.937,2,0,1,0,7,11927,0,0,0,0
22781,2022/3/25 20:21,Siesta siesta,11,4,41.989,2,0,1,0,7,11951,0,0,0,0
22782,2022/3/25 20:21,Siesta siesta,11,4,42.041,2,0,0.853496,0.146504,6,13507,0,0,0,0
22783,2022/3/25 20:21,Siesta siesta,11,4,42.094,2,0,0.387523,0.612477,6,13272,0,0,0,0
22784,2022/3/25 20:21,Siesta siesta,11,4,42.145,2,0,0,1,6,12954,0,0,0,0
22785,2022/3/25 20:21,Siesta siesta,11,4,42.205,2,0,0,1,6,12536,0,0,0,0
22786,2022/3/25 20:21,Siesta siesta,11,4,42.254,2,0,0,1,5,12452,0,0,0,0
22787,2022/3/25 20:21,Siesta siesta,11,4,42.316,2,0,0,1,5,13355,0,0,0,0
22789,2022/3/25 20:21,Siesta siesta,11,4,42.365,2,0,0,1,5,13038,0,0,0,0
22790,2022/3/25 20:21,Siesta siesta,11,4,42.428,2,0,0,1,5,12557,0,0,0,0
22791,2022/3/25 20:21,Siesta siesta,11,4,42.477,2,0,0,1,4,12283,0,0,0,0
22792,2022/3/25 20:21,Siesta siesta,11,4,42.529,2,0,0,1,4,12563,0,0,0,0
22793,2022/3/25 20:21,Siesta siesta,11,4,42.589,2,0,0,1,4,12933,0,0,0,0
22794,2022/3/25 20:21,Siesta siesta,11,4,42.64,2,0,0,1,4,12689,0,0,0,0
22795,2022/3/25 20:21,Siesta siesta,11,4,42.701,2,0,0,1,3,13391,0,0,0,0
22796,2022/3/25 20:21,Siesta siesta,11,4,42.75,2,0,0,1,3,13503,0,0,0,0
22797,2022/3/25 20:21,Siesta siesta,11,4,42.813,2,0,0,1,3,13496,0,0,0,0
22799,2022/3/25 20:21,Siesta siesta,11,4,42.862,2,0,0,1,3,13091,0,0,0,0
22800,2022/3/25 20:21,Siesta siesta,11,4,42.924,2,0,0,0.992986,3,12518,0,0,0,0
22801,2022/3/25 20:21,Siesta siesta,11,4,42.975,2,0,0,0.935897,3,12035,0,0,0,0
22802,2022/3/25 20:21,Siesta siesta,11,4,43.027,2,0,0,0.878558,3,11563,0,0,0,0
22804,2022/3/25 20:21,Siesta siesta,11,4,43.134,2,0,0,0.758247,3,10790,0,0,0,0
22805,2022/3/25 20:21,Siesta siesta,11,4,43.184,2,0.012044,0,0.725913,2,10557,0,0,0,0
22806,2022/3/25 20:21,Siesta siesta,11,4,43.236,2,0.026325,0,0.69735,2,10569,0,0,0,0
22807,2022/3/25 20:21,Siesta siesta,11,4,43.285,2,0.040101,0,0.652097,2,10623,0,0,0,0
22808,2022/3/25 20:21,Siesta siesta,11,4,43.335,2,0.054107,0,0.59607,2,10772,0,0,0,0
22809,2022/3/25 20:21,Siesta siesta,11,4,43.386,2,0.080608,0,0.550428,2,11006,0,0,0,0
22810,2022/3/25 20:21,Siesta siesta,11,4,43.45,2,0.135672,0,0.513719,2,11143,0,0,0,0
22811,2022/3/25 20:21,Siesta siesta,11,4,43.499,2,0.178158,0,0.485395,2,10970,0,0,0,0
22812,2022/3/25 20:21,Siesta siesta,11,4,43.548,2,0.220604,0,0.457097,2,10709,0,0,0,0
22813,2022/3/25 20:21,Siesta siesta,11,4,43.612,2,0.283298,0,0.4375,2,10385,0,0,0,0
22814,2022/3/25 20:21,Siesta siesta,11,4,43.663,2,0.341893,0,0.4375,2,10129,0,0,0,0
22815,2022/3/25 20:21,Siesta siesta,11,4,43.712,2,0.392501,0,0.414165,2,9903,0,0,0,0
22816,2022/3/25 20:21,Siesta siesta,11,4,43.763,2,0.434668,0,0.357943,2,9678,0,0,0,0
22817,2022/3/25 20:21,Siesta siesta,11,4,43.814,2,0.4775,0,0.300834,2,9467,0,0,0,0
22819,2022/3/25 20:21,Siesta siesta,11,4,43.814,2,0.522905,0,0.240294,2,9268,0,0,0,0
22820,2022/3/25 20:21,Siesta siesta,11,4,43.916,2,0.564685,0,0.1875,2,9107,0,0,0,0
22821,2022/3/25 20:21,Siesta siesta,11,4,43.966,2,0.592409,0,0.1875,2,8967,0,0,0,0
22822,2022/3/25 20:21,Siesta siesta,11,4,44.016,2,0.620633,0,0.1875,2,8819,0,0,0,0
22823,2022/3/25 20:21,Siesta siesta,11,4,44.079,2,0.648561,0,0.1875,2,8656,0,0,0,0
22824,2022/3/25 20:21,Siesta siesta,11,4,44.128,2,0.681992,0,0.1875,2,8518,0,0,0,0
22825,2022/3/25 20:21,Siesta siesta,11,4,44.187,2,0.725329,0,0.1875,2,8297,0,0,0,0
22826,2022/3/25 20:21,Siesta siesta,11,4,44.237,2,0.746637,0,0.1875,2,8160,0,0,0,0
22827,2022/3/25 20:21,Siesta siesta,11,4,44.3,2,0.773097,0,0.1875,2,7998,0,0,0,0
22828,2022/3/25 20:21,Siesta siesta,11,4,44.348,2,0.793692,0,0.1875,2,7855,0,0,0,0
22829,2022/3/25 20:21,Siesta siesta,11,4,44.409,2,0.819259,0,0.1875,2,7663,0,0,0,0
22830,2022/3/25 20:21,Siesta siesta,11,4,44.457,2,0.839702,0,0.1875,2,7518,0,0,0,0
22831,2022/3/25 20:21,Siesta siesta,11,4,44.517,2,0.864828,0,0.1875,2,7331,0,0,0,0
22832,2022/3/25 20:21,Siesta siesta,11,4,44.566,2,0.885525,0,0.1875,2,7191,0,0,0,0
22833,2022/3/25 20:21,Siesta siesta,11,4,44.626,2,0.911001,0,0.1875,2,7031,0,0,0,0
22834,2022/3/25 20:21,Siesta siesta,11,4,44.676,2,0.931653,0,0.1875,2,6874,0,0,0,0
22835,2022/3/25 20:21,Siesta siesta,11,4,44.734,2,0.973876,0,0.1875,2,6672,0,0,0,0
22836,2022/3/25 20:21,Siesta siesta,11,4,44.783,2,1,0,0.157528,2,6570,0,0,0,0
22837,2022/3/25 20:21,Siesta siesta,11,4,44.843,2,1,0,0.058578,2,6487,0,0,0,0
22838,2022/3/25 20:21,Siesta siesta,11,4,44.889,2,1,0,0.018186,2,6421,0,0,0,0
22839,2022/3/25 20:21,Siesta siesta,11,4,44.948,2,1,0,0,2,6360,0,0,0,0
22840,2022/3/25 20:21,Siesta siesta,11,4,44.996,2,1,0,0,2,6351,0,0,0,0
22841,2022/3/25 20:21,Siesta siesta,11,4,45.053,2,1,0,0,2,6290,0,0,0,0
22842,2022/3/25 20:21,Siesta siesta,11,4,45.1,2,1,0,0,2,6240,0,0,0,0
22843,2022/3/25 20:21,Siesta siesta,11,4,45.159,2,1,0.025028,0,2,6220,0,0,0,0
22844,2022/3/25 20:21,Siesta siesta,11,4,45.204,2,1,0.062292,0,2,6245,0,0,0,0
22845,2022/3/25 20:21,Siesta siesta,11,4,45.263,2,1,0.112259,0,2,6316,0,0,0,0
22846,2022/3/25 20:21,Siesta siesta,11,4,45.263,2,1,0.125,0,2,6376,0,0,0,0
22848,2022/3/25 20:21,Siesta siesta,11,4,45.366,2,1,0.138332,0,2,6433,0,0,0,0
22849,2022/3/25 20:21,Siesta siesta,11,4,45.412,2,1,0.177564,0,2,6472,0,0,0,0
22850,2022/3/25 20:21,Siesta siesta,11,4,45.467,2,1,0.1875,0,2,6513,0,0,0,0
22851,2022/3/25 20:21,Siesta siesta,11,4,45.52,2,1,0.1875,0,2,6559,0,0,0,0
22852,2022/3/25 20:21,Siesta siesta,11,4,45.574,2,1,0.1875,0,2,6596,0,0,0,0
22853,2022/3/25 20:21,Siesta siesta,11,4,45.623,2,1,0.1875,0,2,6630,0,0,0,0
22854,2022/3/25 20:21,Siesta siesta,11,4,45.681,2,1,0.1875,0,2,6645,0,0,0,0
22855,2022/3/25 20:21,Siesta siesta,11,4,45.73,2,1,0.1875,0,2,6712,0,0,0,0
22856,2022/3/25 20:21,Siesta siesta,11,4,45.785,2,1,0.1875,0,2,6752,0,0,0,0
22857,2022/3/25 20:21,Siesta siesta,11,4,45.841,2,0.991248,0.1875,0,2,6786,0,0,0,0
22859,2022/3/25 20:21,Siesta siesta,11,4,45.893,2,0.943646,0.237707,0,2,6873,0,0,0,0
22860,2022/3/25 20:21,Siesta siesta,11,4,45.945,2,0.927055,0.25,0,2,6950,0,0,0,0
22861,2022/3/25 20:21,Siesta siesta,11,4,45.998,2,0.88448,0.25,0,2,6993,0,0,0,0
22862,2022/3/25 20:21,Siesta siesta,11,4,46.049,2,0.837533,0.25,0,2,7057,0,0,0,0
22863,2022/3/25 20:21,Siesta siesta,11,4,46.101,2,0.792259,0.25,0,2,7110,0,0,0,0
22864,2022/3/25 20:21,Siesta siesta,11,4,46.154,2,0.748833,0.3125,0,2,7205,0,0,0,0
22865,2022/3/25 20:21,Siesta siesta,11,4,46.208,2,0.699664,0.3125,0,2,7327,0,0,0,0
22866,2022/3/25 20:21,Siesta siesta,11,4,46.208,2,0.65524,0.3125,0,2,7414,0,0,0,0
22867,2022/3/25 20:21,Siesta siesta,11,4,46.311,2,0.611477,0.3125,0,2,7453,0,0,0,0
22869,2022/3/25 20:21,Siesta siesta,11,4,46.363,2,0.567769,0.3125,0,2,7484,0,0,0,0
22870,2022/3/25 20:21,Siesta siesta,11,4,46.415,2,0.524118,0.326764,0,3,9806,0,0,0,0
22871,2022/3/25 20:21,Siesta siesta,11,4,46.467,2,0.479159,0.375,0,3,7503,0,0,0,0
22872,2022/3/25 20:21,Siesta siesta,11,4,46.518,2,0.404053,0.375,0,3,6752,0,0,0,0
22873,2022/3/25 20:21,Siesta siesta,11,4,46.57,2,0.346498,0.375,0,3,6415,0,0,0,0
22874,2022/3/25 20:21,Siesta siesta,11,4,46.621,2,0.3125,0.425527,0,3,8795,0,0,0,0
22876,2022/3/25 20:21,Siesta siesta,11,4,46.674,2,0.28125,0.452906,0,3,7106,0,0,0,0
22877,2022/3/25 20:21,Siesta siesta,11,4,46.725,2,0.28125,0.5,0,3,6700,0,0,0,0
22878,2022/3/25 20:21,Siesta siesta,11,4,46.776,2,0.274114,0.514271,0,3,6640,0,0,0,0
22879,2022/3/25 20:21,Siesta siesta,11,4,46.827,2,0.25,0.5625,0,3,9128,0,0,0,0
22881,2022/3/25 20:21,Siesta siesta,11,4,46.878,2,0.25,0.5625,0,3,7618,0,0,0,0
22882,2022/3/25 20:21,Siesta siesta,11,4,46.929,2,0.25,0.648926,0,3,7360,0,0,0,0
22883,2022/3/25 20:21,Siesta siesta,11,4,46.981,2,0.25,0.6875,0,3,7398,0,0,0,0
22884,2022/3/25 20:21,Siesta siesta,11,4,47.034,2,0.25,0.6875,0,3,9941,0,0,0,0
22885,2022/3/25 20:21,Siesta siesta,11,4,47.087,2,0.226986,0.6875,0,3,8579,0,0,0,0
22886,2022/3/25 20:21,Siesta siesta,11,4,47.142,2,0.211712,0.6875,0,3,8216,0,0,0,0
22887,2022/3/25 20:21,Siesta siesta,11,4,47.196,2,0.164165,0.73417,0,3,8064,0,0,0,0
22888,2022/3/25 20:21,Siesta siesta,11,4,47.249,2,0.121042,0.8125,0,3,8225,0,0,0,0
22889,2022/3/25 20:21,Siesta siesta,11,4,47.249,2,0.075148,0.8125,0,3,8409,0,0,0,0
22890,2022/3/25 20:21,Siesta siesta,11,4,47.359,2,0.05633,0.824841,0,3,8586,0,0,0,0
22891,2022/3/25 20:21,Siesta siesta,11,4,47.412,2,0.03125,0.875,0,3,8951,0,0,0,0
22892,2022/3/25 20:21,Siesta siesta,11,4,47.466,2,-0.005025,0.875,0,3,9246,0,0,0,0
22893,2022/3/25 20:21,Siesta siesta,11,4,47.522,2,-0.057343,0.875,0,3,9554,0,0,0,0
22894,2022/3/25 20:21,Siesta siesta,11,4,47.577,2,-0.135098,0.875,0,3,9813,0,0,0,0
22895,2022/3/25 20:21,Siesta siesta,11,4,47.632,2,-0.180173,0.875,0,4,10895,0,0,0,0
22896,2022/3/25 20:21,Siesta siesta,11,4,47.688,2,-0.15625,0.890717,0,4,11615,0,0,0,0
22897,2022/3/25 20:21,Siesta siesta,11,4,47.744,2,-0.133615,0.9375,0,4,9802,0,0,0,0
22898,2022/3/25 20:21,Siesta siesta,11,4,47.798,2,-0.09375,1,0,4,9793,0,0,0,0
22899,2022/3/25 20:21,Siesta siesta,11,4,47.854,2,-0.039028,1,0,4,9800,0,0,0,0
22901,2022/3/25 20:21,Siesta siesta,11,4,47.911,2,0,1,0,4,9738,0,0,0,0
22902,2022/3/25 20:21,Siesta siesta,11,4,47.965,2,0,1,0,4,9690,0,0,0,0
22903,2022/3/25 20:21,Siesta siesta,11,4,48.012,2,0,1,0,4,9638,0,0,0,0
22904,2022/3/25 20:21,Siesta siesta,11,4,48.065,2,0,1,0,4,9556,0,0,0,0
22905,2022/3/25 20:21,Siesta siesta,11,4,48.121,2,0,1,0,4,9485,0,0,0,0
22906,2022/3/25 20:21,Siesta siesta,11,4,48.176,2,0,1,0,4,9555,0,0,0,0
22907,2022/3/25 20:21,Siesta siesta,11,4,48.222,2,0,1,0,4,9719,0,0,0,0
22908,2022/3/25 20:21,Siesta siesta,11,4,48.279,2,0,1,0,4,9911,0,0,0,0
22909,2022/3/25 20:21,Siesta siesta,11,4,48.323,2,0,1,0,4,10060,0,0,0,0
22911,2022/3/25 20:21,Siesta siesta,11,4,48.38,2,-0.03125,1,0,4,10262,0,0,0,0
22912,2022/3/25 20:21,Siesta siesta,11,4,48.428,2,-0.03125,1,0,4,10405,0,0,0,0
22913,2022/3/25 20:21,Siesta siesta,11,4,48.481,2,-0.03125,1,0,4,10600,0,0,0,0
22914,2022/3/25 20:21,Siesta siesta,11,4,48.536,2,-0.03125,1,0,4,10761,0,0,0,0
22915,2022/3/25 20:21,Siesta siesta,11,4,48.592,2,-0.039011,1,0,4,10908,0,0,0,0
22916,2022/3/25 20:21,Siesta siesta,11,4,48.645,2,-0.0625,1,0,4,11067,0,0,0,0
22917,2022/3/25 20:21,Siesta siesta,11,4,48.7,2,-0.0625,1,0,4,11218,0,0,0,0
22918,2022/3/25 20:21,Siesta siesta,11,4,48.756,2,-0.0625,1,0,4,11377,0,0,0,0
22919,2022/3/25 20:21,Siesta siesta,11,4,48.812,2,-0.0625,1,0,4,11542,0,0,0,0
22920,2022/3/25 20:21,Siesta siesta,11,4,48.868,2,-0.0625,1,0,4,11694,0,0,0,0
22921,2022/3/25 20:21,Siesta siesta,11,4,48.924,2,-0.0625,1,0,4,11847,0,0,0,0
22922,2022/3/25 20:21,Siesta siesta,11,4,48.967,2,-0.0625,1,0,5,10151,0,0,0,0
22923,2022/3/25 20:21,Siesta siesta,11,4,49.027,2,-0.0625,1,0,5,10327,0,0,0,0
22924,2022/3/25 20:21,Siesta siesta,11,4,49.081,2,-0.0625,1,0,5,10429,0,0,0,0
22925,2022/3/25 20:21,Siesta siesta,11,4,49.127,2,-0.0625,1,0,5,10533,0,0,0,0
22926,2022/3/25 20:21,Siesta siesta,11,4,49.182,2,-0.0625,1,0,5,10619,0,0,0,0
22927,2022/3/25 20:21,Siesta siesta,11,4,49.236,2,-0.0625,1,0,5,10749,0,0,0,0
22928,2022/3/25 20:21,Siesta siesta,11,4,49.291,2,-0.0625,1,0,5,10859,0,0,0,0
22929,2022/3/25 20:21,Siesta siesta,11,4,49.345,2,-0.0625,1,0,5,10972,0,0,0,0
22932,2022/3/25 20:21,Siesta siesta,11,4,49.45,2,-0.0625,1,0,5,11160,0,0,0,0
22933,2022/3/25 20:21,Siesta siesta,11,4,49.503,2,-0.039225,1,0,5,11245,0,0,0,0
22934,2022/3/25 20:21,Siesta siesta,11,4,49.503,2,-0.03125,1,0,5,11335,0,0,0,0
22935,2022/3/25 20:21,Siesta siesta,11,4,49.61,2,-0.03125,1,0,5,11445,0,0,0,0
22936,2022/3/25 20:21,Siesta siesta,11,4,49.663,2,-0.03125,1,0,5,11543,0,0,0,0
22937,2022/3/25 20:21,Siesta siesta,11,4,49.715,2,-0.03125,1,0,5,11637,0,0,0,0
22938,2022/3/25 20:21,Siesta siesta,11,4,49.77,2,-0.03125,1,0,5,11718,0,0,0,0
22939,2022/3/25 20:21,Siesta siesta,11,4,49.822,2,-0.03125,1,0,5,11801,0,0,0,0
22940,2022/3/25 20:21,Siesta siesta,11,4,49.876,2,-0.03125,1,0,6,10819,0,0,0,0
22941,2022/3/25 20:21,Siesta siesta,11,4,49.928,2,-0.03125,1,0,6,10367,0,0,0,0
22942,2022/3/25 20:21,Siesta siesta,11,4,49.981,2,-0.03125,1,0,6,10428,0,0,0,0
22943,2022/3/25 20:21,Siesta siesta,11,4,50.035,2,-0.028855,1,0,6,10492,0,0,0,0
22944,2022/3/25 20:21,Siesta siesta,11,4,50.089,2,0,1,0,6,10572,0,0,0,0
22945,2022/3/25 20:21,Siesta siesta,11,4,50.143,2,0,1,0,6,10644,0,0,0,0
22946,2022/3/25 20:21,Siesta siesta,11,4,50.197,2,0,1,0,6,10712,0,0,0,0
22947,2022/3/25 20:21,Siesta siesta,11,4,50.251,2,0,1,0,6,10781,0,0,0,0
22948,2022/3/25 20:21,Siesta siesta,11,4,50.306,2,0,1,0,6,10856,0,0,0,0
22949,2022/3/25 20:21,Siesta siesta,11,4,50.361,2,0,1,0,6,10926,0,0,0,0
22951,2022/3/25 20:21,Siesta siesta,11,4,50.415,2,0,1,0,6,10977,0,0,0,0
22952,2022/3/25 20:21,Siesta siesta,11,4,50.469,2,0,1,0,6,11031,0,0,0,0
22953,2022/3/25 20:21,Siesta siesta,11,4,50.524,2,0,1,0,6,11087,0,0,0,0
22954,2022/3/25 20:21,Siesta siesta,11,4,50.578,2,0,1,0,6,11149,0,0,0,0
22955,2022/3/25 20:21,Siesta siesta,11,4,50.632,2,0,1,0,6,11222,0,0,0,0
22956,2022/3/25 20:21,Siesta siesta,11,4,50.687,2,0,1,0,6,11280,0,0,0,0
22957,2022/3/25 20:21,Siesta siesta,11,4,50.743,2,0,1,0,6,11333,0,0,0,0
22958,2022/3/25 20:21,Siesta siesta,11,4,50.798,2,0,1,0,6,11385,0,0,0,0
22959,2022/3/25 20:21,Siesta siesta,11,4,50.852,2,0,1,0,6,11441,0,0,0,0
22961,2022/3/25 20:21,Siesta siesta,11,4,50.909,2,0,1,0,6,11490,0,0,0,0
22962,2022/3/25 20:21,Siesta siesta,11,4,50.963,2,0,1,0,6,11538,0,0,0,0
22963,2022/3/25 20:21,Siesta siesta,11,4,51.01,2,0,1,0,6,11582,0,0,0,0
22964,2022/3/25 20:21,Siesta siesta,11,4,51.069,2,0,1,0,6,11643,0,0,0,0
22965,2022/3/25 20:21,Siesta siesta,11,4,51.117,2,0,1,0,6,11699,0,0,0,0
22966,2022/3/25 20:21,Siesta siesta,11,4,51.18,2,0,1,0,6,11757,0,0,0,0
22967,2022/3/25 20:21,Siesta siesta,11,4,51.228,2,0,1,0,7,11147,0,0,0,0
22968,2022/3/25 20:21,Siesta siesta,11,4,51.276,2,0,1,0,7,10369,0,0,0,0
22969,2022/3/25 20:21,Siesta siesta,11,4,51.337,2,0,1,0,7,10387,0,0,0,0
22970,2022/3/25 20:21,Siesta siesta,11,4,51.385,2,0,1,0,7,10412,0,0,0,0
22971,2022/3/25 20:21,Siesta siesta,11,4,51.433,2,0,1,0,7,10433,0,0,0,0
22972,2022/3/25 20:21,Siesta siesta,11,4,51.496,2,0,1,0,7,10469,0,0,0,0
22973,2022/3/25 20:21,Siesta siesta,11,4,51.545,2,0,1,0,7,10503,0,0,0,0
22974,2022/3/25 20:21,Siesta siesta,11,4,51.604,2,0,1,0,7,10548,0,0,0,0
22975,2022/3/25 20:21,Siesta siesta,11,4,51.653,2,0,1,0,7,10584,0,0,0,0
22976,2022/3/25 20:21,Siesta siesta,11,4,51.712,2,0,1,0,7,10638,0,0,0,0
22977,2022/3/25 20:21,Siesta siesta,11,4,51.712,2,0,1,0,7,10672,0,0,0,0
22978,2022/3/25 20:21,Siesta siesta,11,4,51.817,2,0,1,0,7,10693,0,0,0,0
22979,2022/3/25 20:21,Siesta siesta,11,4,51.863,2,0,1,0,7,10721,0,0,0,0
22981,2022/3/25 20:21,Siesta siesta,11,4,51.923,2,0,1,0,7,10761,0,0,0,0
22982,2022/3/25 20:21,Siesta siesta,11,4,51.968,2,0,1,0,7,10788,0,0,0,0
22983,2022/3/25 20:21,Siesta siesta,11,4,52.026,2,0,1,0,7,10802,0,0,0,0
22984,2022/3/25 20:21,Siesta siesta,11,4,52.071,2,0,1,0,7,10826,0,0,0,0
22985,2022/3/25 20:21,Siesta siesta,11,4,52.128,2,0,1,0,7,10870,0,0,0,0
22986,2022/3/25 20:21,Siesta siesta,11,4,52.172,2,0,1,0,7,10909,0,0,0,0
22987,2022/3/25 20:21,Siesta siesta,11,4,52.228,2,0,1,0,7,10932,0,0,0,0
22988,2022/3/25 20:21,Siesta siesta,11,4,52.273,2,0,1,0,7,10949,0,0,0,0
22989,2022/3/25 20:21,Siesta siesta,11,4,52.329,2,0,1,0,7,10986,0,0,0,0
22990,2022/3/25 20:21,Siesta siesta,11,4,52.375,2,0,1,0,7,11019,0,0,0,0
22992,2022/3/25 20:21,Siesta siesta,11,4,52.431,2,0,1,0,7,11043,0,0,0,0
22993,2022/3/25 20:21,Siesta siesta,11,4,52.476,2,0,1,0,7,11059,0,0,0,0
22994,2022/3/25 20:21,Siesta siesta,11,4,52.531,2,0,1,0,7,11094,0,0,0,0
22995,2022/3/25 20:21,Siesta siesta,11,4,52.577,2,0,1,0,7,11126,0,0,0,0
22996,2022/3/25 20:21,Siesta siesta,11,4,52.631,2,0,1,0,7,11154,0,0,0,0
22997,2022/3/25 20:21,Siesta siesta,11,4,52.687,2,0,1,0,7,11168,0,0,0,0
22998,2022/3/25 20:21,Siesta siesta,11,4,52.733,2,0,1,0,7,11193,0,0,0,0
22999,2022/3/25 20:21,Siesta siesta,11,4,52.79,2,0,1,0,7,11209,0,0,0,0
23000,2022/3/25 20:21,Siesta siesta,11,4,52.834,2,0,1,0,7,11213,0,0,0,0
23001,2022/3/25 20:21,Siesta siesta,11,4,52.891,2,0,1,0,7,11240,0,0,0,0
23002,2022/3/25 20:21,Siesta siesta,11,4,52.934,2,0,1,0,7,11270,0,0,0,0
23003,2022/3/25 20:21,Siesta siesta,11,4,52.995,2,0,1,0,7,11314,0,0,0,0
23004,2022/3/25 20:21,Siesta siesta,11,4,53.038,2,0,1,0,7,11345,0,0,0,0
23005,2022/3/25 20:21,Siesta siesta,11,4,53.09,2,0,1,0,7,11368,0,0,0,0
23006,2022/3/25 20:21,Siesta siesta,11,4,53.142,2,0,1,0,7,11382,0,0,0,0
23007,2022/3/25 20:21,Siesta siesta,11,4,53.194,2,0,1,0,7,11413,0,0,0,0
23008,2022/3/25 20:21,Siesta siesta,11,4,53.248,2,0,1,0,7,11452,0,0,0,0
23010,2022/3/25 20:21,Siesta siesta,11,4,53.352,2,0,1,0,7,11525,0,0,0,0
23012,2022/3/25 20:21,Siesta siesta,11,4,53.405,2,0.000739,1,0,7,11531,0,0,0,0
23013,2022/3/25 20:21,Siesta siesta,11,4,53.457,2,0.011951,1,0,7,11547,0,0,0,0
23014,2022/3/25 20:21,Siesta siesta,11,4,53.509,2,0.023001,1,0,7,11574,0,0,0,0
23015,2022/3/25 20:21,Siesta siesta,11,4,53.566,2,0.027539,1,0,7,11607,0,0,0,0
23016,2022/3/25 20:21,Siesta siesta,11,4,53.617,2,0.016714,1,0,7,11635,0,0,0,0
23017,2022/3/25 20:21,Siesta siesta,11,4,53.67,2,0.005731,1,0,7,11662,0,0,0,0
23018,2022/3/25 20:21,Siesta siesta,11,4,53.723,2,0,1,0,7,11690,0,0,0,0
23019,2022/3/25 20:21,Siesta siesta,11,4,53.775,2,0,1,0,7,11716,0,0,0,0
23020,2022/3/25 20:21,Siesta siesta,11,4,53.827,2,0,1,0,7,11742,0,0,0,0
23021,2022/3/25 20:21,Siesta siesta,11,4,53.881,2,0,1,0,7,11765,0,0,0,0
23023,2022/3/25 20:21,Siesta siesta,11,4,53.933,2,0,1,0,7,11779,0,0,0,0
23024,2022/3/25 20:21,Siesta siesta,11,4,53.985,2,0,1,0,7,11789,0,0,0,0
23025,2022/3/25 20:21,Siesta siesta,11,4,53.985,2,0,1,0,8,10686,0,0,0,0
23026,2022/3/25 20:21,Siesta siesta,11,4,54.092,2,0,1,0,8,10284,0,0,0,0
23027,2022/3/25 20:21,Siesta siesta,11,4,54.145,2,0,1,0,8,10303,0,0,0,0
23028,2022/3/25 20:21,Siesta siesta,11,4,54.198,2,0,1,0,8,10320,0,0,0,0
23029,2022/3/25 20:21,Siesta siesta,11,4,54.252,2,0,1,0,8,10330,0,0,0,0
23030,2022/3/25 20:21,Siesta siesta,11,4,54.305,2,0,1,0,8,10337,0,0,0,0
23031,2022/3/25 20:21,Siesta siesta,11,4,54.359,2,0,1,0,8,10348,0,0,0,0
23032,2022/3/25 20:21,Siesta siesta,11,4,54.402,2,0,1,0,8,10359,0,0,0,0
23033,2022/3/25 20:21,Siesta siesta,11,4,54.46,2,0,1,0,8,10372,0,0,0,0
23034,2022/3/25 20:21,Siesta siesta,11,4,54.514,2,0,1,0,8,10385,0,0,0,0
23035,2022/3/25 20:21,Siesta siesta,11,4,54.567,2,0,1,0,8,10398,0,0,0,0
23036,2022/3/25 20:21,Siesta siesta,11,4,54.62,2,0,1,0,8,10412,0,0,0,0
23037,2022/3/25 20:21,Siesta siesta,11,4,54.675,2,0,1,0,8,10425,0,0,0,0
23038,2022/3/25 20:21,Siesta siesta,11,4,54.727,2,0,1,0,8,10439,0,0,0,0
23039,2022/3/25 20:21,Siesta siesta,11,4,54.78,2,0,1,0,8,10453,0,0,0,0
23040,2022/3/25 20:21,Siesta siesta,11,4,54.832,2,0,1,0,8,10470,0,0,0,0
23041,2022/3/25 20:21,Siesta siesta,11,4,54.885,2,0,1,0,8,10488,0,0,0,0
23043,2022/3/25 20:21,Siesta siesta,11,4,54.937,2,0,1,0,8,10503,0,0,0,0
23044,2022/3/25 20:21,Siesta siesta,11,4,54.988,2,0,1,0,8,10517,0,0,0,0
23045,2022/3/25 20:21,Siesta siesta,11,4,55.04,2,0,1,0,8,10531,0,0,0,0
23046,2022/3/25 20:21,Siesta siesta,11,4,55.092,2,0,1,0,8,10546,0,0,0,0
23047,2022/3/25 20:21,Siesta siesta,11,4,55.142,2,0,1,0,8,10562,0,0,0,0
23048,2022/3/25 20:21,Siesta siesta,11,4,55.202,2,0,1,0,8,10582,0,0,0,0
23049,2022/3/25 20:21,Siesta siesta,11,4,55.243,2,0,1,0,8,10596,0,0,0,0
23050,2022/3/25 20:21,Siesta siesta,11,4,55.302,2,0,1,0,8,10617,0,0,0,0
23051,2022/3/25 20:21,Siesta siesta,11,4,55.351,2,0,1,0,8,10634,0,0,0,0
23052,2022/3/25 20:21,Siesta siesta,11,4,55.41,2,0,1,0,8,10651,0,0,0,0
23053,2022/3/25 20:21,Siesta siesta,11,4,55.458,2,0,1,0,8,10664,0,0,0,0
23054,2022/3/25 20:21,Siesta siesta,11,4,55.516,2,0,1,0,8,10677,0,0,0,0
23055,2022/3/25 20:21,Siesta siesta,11,4,55.566,2,0,1,0,8,10680,0,0,0,0
23056,2022/3/25 20:21,Siesta siesta,11,4,55.623,2,0,1,0,8,10681,0,0,0,0
23057,2022/3/25 20:21,Siesta siesta,11,4,55.671,2,0,1,0,8,10685,0,0,0,0
23058,2022/3/25 20:21,Siesta siesta,11,4,55.728,2,0,1,0,8,10701,0,0,0,0
23059,2022/3/25 20:21,Siesta siesta,11,4,55.776,2,0,1,0,8,10718,0,0,0,0
23060,2022/3/25 20:21,Siesta siesta,11,4,55.834,2,0,1,0,8,10731,0,0,0,0
23061,2022/3/25 20:21,Siesta siesta,11,4,55.881,2,0,1,0,8,10738,0,0,0,0
23063,2022/3/25 20:21,Siesta siesta,11,4,55.938,2,0,1,0,8,10745,0,0,0,0
23064,2022/3/25 20:21,Siesta siesta,11,4,55.985,2,0,1,0,8,10754,0,0,0,0
23065,2022/3/25 20:21,Siesta siesta,11,4,56.041,2,0,1,0,8,10767,0,0,0,0
23066,2022/3/25 20:21,Siesta siesta,11,4,56.09,2,0,1,0,8,10776,0,0,0,0
23067,2022/3/25 20:21,Siesta siesta,11,4,56.145,2,0,1,0,8,10781,0,0,0,0
23068,2022/3/25 20:21,Siesta siesta,11,4,56.192,2,0,1,0,8,10783,0,0,0,0
23069,2022/3/25 20:21,Siesta siesta,11,4,56.249,2,0,1,0,8,10787,0,0,0,0
23070,2022/3/25 20:21,Siesta siesta,11,4,56.294,2,0,1,0,8,10797,0,0,0,0
23071,2022/3/25 20:21,Siesta siesta,11,4,56.35,2,0,1,0,8,10810,0,0,0,0
23072,2022/3/25 20:21,Siesta siesta,11,4,56.404,2,0,1,0,8,10826,0,0,0,0
23074,2022/3/25 20:21,Siesta siesta,11,4,56.457,2,0,1,0,8,10844,0,0,0,0
23075,2022/3/25 20:21,Siesta siesta,11,4,56.511,2,0,1,0,8,10861,0,0,0,0
23076,2022/3/25 20:21,Siesta siesta,11,4,56.558,2,0,1,0,8,10867,0,0,0,0
23077,2022/3/25 20:21,Siesta siesta,11,4,56.614,2,0,1,0,8,10866,0,0,0,0
23079,2022/3/25 20:21,Siesta siesta,11,4,56.662,2,0,1,0,8,10865,0,0,0,0
23080,2022/3/25 20:21,Siesta siesta,11,4,56.718,2,0,1,0,8,10874,0,0,0,0
23081,2022/3/25 20:21,Siesta siesta,11,4,56.767,2,0,1,0,8,10889,0,0,0,0
23082,2022/3/25 20:21,Siesta siesta,11,4,56.825,2,0,1,0,8,10904,0,0,0,0
23083,2022/3/25 20:21,Siesta siesta,11,4,56.873,2,0,1,0,8,10907,0,0,0,0
23085,2022/3/25 20:21,Siesta siesta,11,4,56.929,2,0,1,0,8,10905,0,0,0,0
23086,2022/3/25 20:21,Siesta siesta,11,4,56.979,2,0,1,0,8,10903,0,0,0,0
23087,2022/3/25 20:21,Siesta siesta,11,4,57.037,2,0,1,0,8,10902,0,0,0,0
23088,2022/3/25 20:21,Siesta siesta,11,4,57.085,2,0,1,0,8,10905,0,0,0,0
23089,2022/3/25 20:21,Siesta siesta,11,4,57.143,2,0,1,0,8,10924,0,0,0,0
23090,2022/3/25 20:21,Siesta siesta,11,4,57.191,2,0,1,0,8,10945,0,0,0,0
23092,2022/3/25 20:21,Siesta siesta,11,4,57.297,2,0,1,0,8,10951,0,0,0,0
23093,2022/3/25 20:21,Siesta siesta,11,4,57.356,2,0,1,0,8,10946,0,0,0,0
23094,2022/3/25 20:21,Siesta siesta,11,4,57.404,2,0,1,0,8,10945,0,0,0,0
23096,2022/3/25 20:21,Siesta siesta,11,4,57.462,2,0,1,0,8,10956,0,0,0,0
23097,2022/3/25 20:21,Siesta siesta,11,4,57.512,2,0,1,0,8,10971,0,0,0,0
23098,2022/3/25 20:21,Siesta siesta,11,4,57.57,2,0,1,0,8,10986,0,0,0,0
23099,2022/3/25 20:21,Siesta siesta,11,4,57.62,2,0,1,0,8,10991,0,0,0,0
23100,2022/3/25 20:21,Siesta siesta,11,4,57.674,2,0,1,0,8,10992,0,0,0,0
23101,2022/3/25 20:21,Siesta siesta,11,4,57.72,2,0,1,0,8,10993,0,0,0,0
23102,2022/3/25 20:21,Siesta siesta,11,4,57.771,2,0,1,0,8,10993,0,0,0,0
23103,2022/3/25 20:21,Siesta siesta,11,4,57.829,2,0,1,0,8,10993,0,0,0,0
23104,2022/3/25 20:21,Siesta siesta,11,4,57.879,2,0,1,0,8,11002,0,0,0,0
23106,2022/3/25 20:21,Siesta siesta,11,4,57.931,2,0,1,0,8,11017,0,0,0,0
23107,2022/3/25 20:21,Siesta siesta,11,4,57.984,2,0,1,0,8,11035,0,0,0,0
23108,2022/3/25 20:21,Siesta siesta,11,4,58.034,2,0,1,0,8,11042,0,0,0,0
23109,2022/3/25 20:21,Siesta siesta,11,4,58.087,2,0,1,0,8,11045,0,0,0,0
23110,2022/3/25 20:21,Siesta siesta,11,4,58.14,2,0,1,0,8,11046,0,0,0,0
23111,2022/3/25 20:21,Siesta siesta,11,4,58.19,2,0,1,0,8,11046,0,0,0,0
23112,2022/3/25 20:21,Siesta siesta,11,4,58.241,2,0,1,0,8,11045,0,0,0,0
23113,2022/3/25 20:21,Siesta siesta,11,4,58.298,2,0,1,0,8,11048,0,0,0,0
23114,2022/3/25 20:21,Siesta siesta,11,4,58.345,2,0,1,0,8,11057,0,0,0,0
23115,2022/3/25 20:21,Siesta siesta,11,4,58.398,2,0,1,0,8,11071,0,0,0,0
23117,2022/3/25 20:21,Siesta siesta,11,4,58.45,2,0,1,0,8,11081,0,0,0,0
23118,2022/3/25 20:21,Siesta siesta,11,4,58.503,2,0,1,0,8,11082,0,0,0,0
23119,2022/3/25 20:21,Siesta siesta,11,4,58.549,2,0,1,0,8,11079,0,0,0,0
23120,2022/3/25 20:21,Siesta siesta,11,4,58.605,2,0,1,0,8,11077,0,0,0,0
23121,2022/3/25 20:21,Siesta siesta,11,4,58.661,2,0,1,0,8,11076,0,0,0,0
23122,2022/3/25 20:21,Siesta siesta,11,4,58.707,2,0,1,0,8,11075,0,0,0,0
23123,2022/3/25 20:21,Siesta siesta,11,4,58.764,2,0,1,0,8,11076,0,0,0,0
23124,2022/3/25 20:21,Siesta siesta,11,4,58.809,2,0,1,0,8,11077,0,0,0,0
23125,2022/3/25 20:21,Siesta siesta,11,4,58.864,2,0,1,0,8,11080,0,0,0,0
23126,2022/3/25 20:21,Siesta siesta,11,4,58.919,2,0,1,0,8,11093,0,0,0,0
23127,2022/3/25 20:21,Siesta siesta,11,4,58.975,2,0,1,0,8,11110,0,0,0,0
23128,2022/3/25 20:21,Siesta siesta,11,4,59.028,2,0,1,0,8,11123,0,0,0,0
23129,2022/3/25 20:21,Siesta siesta,11,4,59.081,2,0,1,0,8,11127,0,0,0,0
23130,2022/3/25 20:21,Siesta siesta,11,4,59.135,2,0,1,0,8,11129,0,0,0,0
23131,2022/3/25 20:21,Siesta siesta,11,4,59.19,2,0,1,0,8,11127,0,0,0,0
23132,2022/3/25 20:21,Siesta siesta,11,4,59.244,2,0,1,0,8,11123,0,0,0,0
23133,2022/3/25 20:21,Siesta siesta,11,4,59.296,2,0,1,0,8,11120,0,0,0,0
23134,2022/3/25 20:21,Siesta siesta,11,4,59.351,2,0,1,0,8,11119,0,0,0,0
23135,2022/3/25 20:21,Siesta siesta,11,4,59.406,2,0,1,0,8,11119,0,0,0,0
23137,2022/3/25 20:21,Siesta siesta,11,4,59.458,2,0,1,0,8,11125,0,0,0,0
23138,2022/3/25 20:21,Siesta siesta,11,4,59.51,2,0,1,0,8,11138,0,0,0,0
23139,2022/3/25 20:21,Siesta siesta,11,4,59.563,2,0,1,0,8,11156,0,0,0,0
23140,2022/3/25 20:21,Siesta siesta,11,4,59.615,2,0,1,0,8,11166,0,0,0,0
23141,2022/3/25 20:21,Siesta siesta,11,4,59.668,2,0,1,0,8,11169,0,0,0,0
23142,2022/3/25 20:21,Siesta siesta,11,4,59.72,2,0,1,0,8,11171,0,0,0,0
23143,2022/3/25 20:21,Siesta siesta,11,4,59.77,2,0,1,0,8,11169,0,0,0,0
23144,2022/3/25 20:21,Siesta siesta,11,4,59.823,2,0,1,0,8,11166,0,0,0,0
23145,2022/3/25 20:21,Siesta siesta,11,4,59.876,2,0,1,0,8,11163,0,0,0,0
23146,2022/3/25 20:21,Siesta siesta,11,4,59.927,2,0,1,0,8,11163,0,0,0,0
23147,2022/3/25 20:21,Siesta siesta,11,4,59.979,2,0,1,0,8,11167,0,0,0,0
23148,2022/3/25 20:21,Siesta siesta,11,4,60.031,2,0,1,0,8,11169,0,0,0,0
23149,2022/3/25 20:21,Siesta siesta,11,4,60.084,2,0,1,0,8,11170,0,0,0,0
23150,2022/3/25 20:21,Siesta siesta,11,4,60.141,2,0,1,0,8,11170,0,0,0,0
23151,2022/3/25 20:21,Siesta siesta,11,4,60.186,2,0,1,0,8,11170,0,0,0,0
23152,2022/3/25 20:21,Siesta siesta,11,4,60.242,2,0,1,0,8,11170,0,0,0,0
23153,2022/3/25 20:21,Siesta siesta,11,4,60.297,2,0,1,0,8,11171,0,0,0,0
23154,2022/3/25 20:21,Siesta siesta,11,4,60.341,2,0,1,0,8,11171,0,0,0,0
23155,2022/3/25 20:21,Siesta siesta,11,4,60.395,2,0,1,0,8,11174,0,0,0,0
23157,2022/3/25 20:21,Siesta siesta,11,4,60.45,2,0,1,0,8,11177,0,0,0,0
23158,2022/3/25 20:21,Siesta siesta,11,4,60.496,2,0,1,0,8,11178,0,0,0,0
23159,2022/3/25 20:21,Siesta siesta,11,4,60.496,2,0,1,0,8,11178,0,0,0,0
23160,2022/3/25 20:21,Siesta siesta,11,4,60.598,2,0,1,0,8,11179,0,0,0,0
23161,2022/3/25 20:21,Siesta siesta,11,4,60.654,2,0,1,0,8,11182,0,0,0,0
23162,2022/3/25 20:21,Siesta siesta,11,4,60.702,2,0,1,0,8,11185,0,0,0,0
23163,2022/3/25 20:21,Siesta siesta,11,4,60.761,2,0,1,0,8,11188,0,0,0,0
23164,2022/3/25 20:21,Siesta siesta,11,4,60.809,2,0,1,0,8,11189,0,0,0,0
23165,2022/3/25 20:21,Siesta siesta,11,4,60.87,2,0,1,0,8,11190,0,0,0,0
23166,2022/3/25 20:21,Siesta siesta,11,4,60.917,2,0,1,0,8,11199,0,0,0,0
23168,2022/3/25 20:21,Siesta siesta,11,4,60.978,2,0,1,0,8,11199,0,0,0,0
23169,2022/3/25 20:21,Siesta siesta,11,4,61.027,2,0,1,0,8,11199,0,0,0,0
23170,2022/3/25 20:21,Siesta siesta,11,4,61.084,2,0,1,0,8,11200,0,0,0,0
23171,2022/3/25 20:21,Siesta siesta,11,4,61.132,2,0,1,0,8,11200,0,0,0,0
23172,2022/3/25 20:21,Siesta siesta,11,4,61.194,2,0,1,0,8,11202,0,0,0,0
23174,2022/3/25 20:21,Siesta siesta,11,4,61.306,2,0,0.773498,0.226502,7,12727,0,0,0,0
23175,2022/3/25 20:21,Siesta siesta,11,4,61.356,2,0,0.411607,0.588393,7,12517,0,0,0,0
23176,2022/3/25 20:21,Siesta siesta,11,4,61.416,2,0.000804,0,1,6,12462,0,0,0,0
23178,2022/3/25 20:21,Siesta siesta,11,4,61.466,2,0.011578,0,1,6,13390,0,0,0,0
23179,2022/3/25 20:21,Siesta siesta,11,4,61.529,2,0.025421,0,1,6,12980,0,0,0,0
23180,2022/3/25 20:21,Siesta siesta,11,4,61.567,2,0.033601,0,1,6,12699,0,0,0,0
23181,2022/3/25 20:21,Siesta siesta,11,4,61.631,2,0.048016,0,1,6,12226,0,0,0,0
23183,2022/3/25 20:21,Siesta siesta,11,4,61.671,2,0.056997,0,1,6,11933,0,0,0,0
23184,2022/3/25 20:21,Siesta siesta,11,4,61.722,2,0.068622,0,0.963267,6,11547,0,0,0,0
23185,2022/3/25 20:21,Siesta siesta,11,4,61.773,2,0.080271,0,0.893377,6,11206,0,0,0,0
23186,2022/3/25 20:21,Siesta siesta,11,4,61.825,2,0.092357,0,0.82086,6,10883,0,0,0,0
23187,2022/3/25 20:21,Siesta siesta,11,4,61.882,2,0.104659,0,0.725227,5,11803,0,0,0,0
23188,2022/3/25 20:21,Siesta siesta,11,4,61.929,2,0.114984,0,0.642625,5,11830,0,0,0,0
23190,2022/3/25 20:21,Siesta siesta,11,4,61.988,2,0.130599,0,0.551302,5,11596,0,0,0,0
23191,2022/3/25 20:21,Siesta siesta,11,4,62.035,2,0.1516,0,0.509301,5,11391,0,0,0,0
23192,2022/3/25 20:21,Siesta siesta,11,4,62.035,2,0.176574,0,0.459352,5,11161,0,0,0,0
23193,2022/3/25 20:21,Siesta siesta,11,4,62.138,2,0.203644,0,0.415975,5,10977,0,0,0,0
23194,2022/3/25 20:21,Siesta siesta,11,4,62.19,2,0.239401,0,0.368299,5,10807,0,0,0,0
23195,2022/3/25 20:21,Siesta siesta,11,4,62.241,2,0.274741,0,0.321179,5,10648,0,0,0,0
23196,2022/3/25 20:21,Siesta siesta,11,4,62.293,2,0.300295,0,0.293455,5,10490,0,0,0,0
23197,2022/3/25 20:21,Siesta siesta,11,4,62.349,2,0.325303,0,0.268447,5,10310,0,0,0,0
23198,2022/3/25 20:21,Siesta siesta,11,4,62.397,2,0.345238,0,0.238097,5,10165,0,0,0,0
23200,2022/3/25 20:21,Siesta siesta,11,4,62.459,2,0.359007,0,0.127943,5,10042,0,0,0,0
23201,2022/3/25 20:21,Siesta siesta,11,4,62.507,2,0.369745,0,0.042038,5,9963,0,0,0,0
23202,2022/3/25 20:21,Siesta siesta,11,4,62.563,2,0.375,0,0,5,9885,0,0,0,0
23203,2022/3/25 20:21,Siesta siesta,11,4,62.611,2,0.375,0,0,5,9828,0,0,0,0
23204,2022/3/25 20:21,Siesta siesta,11,4,62.666,2,0.347166,0.074225,0,5,9776,0,0,0,0
23205,2022/3/25 20:21,Siesta siesta,11,4,62.713,2,0.304715,0.187426,0,5,9773,0,0,0,0
23206,2022/3/25 20:21,Siesta siesta,11,4,62.773,2,0.240127,0.291123,0,5,9757,0,0,0,0
23207,2022/3/25 20:21,Siesta siesta,11,4,62.823,2,0.176976,0.354274,0,5,9793,0,0,0,0
23208,2022/3/25 20:21,Siesta siesta,11,4,62.823,2,0.092376,0.417583,0,5,9830,0,0,0,0
23209,2022/3/25 20:21,Siesta siesta,11,4,62.926,2,0.012929,0.470547,0,5,9849,0,0,0,0
23211,2022/3/25 20:21,Siesta siesta,11,4,62.978,2,-0.089216,0.5,0,5,9866,0,0,0,0
23212,2022/3/25 20:21,Siesta siesta,11,4,63.032,2,-0.211538,0.5,0,5,9896,0,0,0,0
23213,2022/3/25 20:21,Siesta siesta,11,4,63.08,2,-0.286231,0.5,0,5,9926,0,0,0,0
23214,2022/3/25 20:21,Siesta siesta,11,4,63.134,2,-0.300813,0.5,0,5,9984,0,0,0,0
23215,2022/3/25 20:21,Siesta siesta,11,4,63.18,2,-0.3125,0.5,0,5,9984,0,0,0,0
23216,2022/3/25 20:21,Siesta siesta,11,4,63.236,2,-0.3125,0.5,0,5,10020,0,0,0,0
23217,2022/3/25 20:21,Siesta siesta,11,4,63.28,2,-0.313103,0.5,0,5,10073,0,0,0,0
23218,2022/3/25 20:21,Siesta siesta,11,4,63.335,2,-0.32986,0.5,0,5,10073,0,0,0,0
23219,2022/3/25 20:21,Siesta siesta,11,4,63.383,2,-0.34375,0.501645,0,5,10093,0,0,0,0
23220,2022/3/25 20:21,Siesta siesta,11,4,63.436,2,-0.34375,0.533853,0,5,10142,0,0,0,0
23222,2022/3/25 20:21,Siesta siesta,11,4,63.484,2,-0.34375,0.564023,0,5,10166,0,0,0,0
23223,2022/3/25 20:21,Siesta siesta,11,4,63.538,2,-0.34375,0.625986,0,5,10198,0,0,0,0
23224,2022/3/25 20:21,Siesta siesta,11,4,63.592,2,-0.34375,0.6875,0,5,10217,0,0,0,0
23225,2022/3/25 20:21,Siesta siesta,11,4,63.639,2,-0.34375,0.6875,0,5,10224,0,0,0,0
23226,2022/3/25 20:21,Siesta siesta,11,4,63.692,2,-0.34375,0.6875,0,5,10253,0,0,0,0
23227,2022/3/25 20:21,Siesta siesta,11,4,63.742,2,-0.3587,0.717401,0,5,10275,0,0,0,0
23228,2022/3/25 20:21,Siesta siesta,11,4,63.797,2,-0.375,0.750299,0,5,10307,0,0,0,0
23229,2022/3/25 20:21,Siesta siesta,11,4,63.849,2,-0.375,0.780956,0,5,10372,0,0,0,0
23230,2022/3/25 20:21,Siesta siesta,11,4,63.896,2,-0.375,0.808466,0,5,10442,0,0,0,0
23231,2022/3/25 20:21,Siesta siesta,11,4,63.949,2,-0.334249,0.839667,0,5,10580,0,0,0,0
23232,2022/3/25 20:21,Siesta siesta,11,4,64.001,2,-0.287463,0.870858,0,5,10582,0,0,0,0
23233,2022/3/25 20:21,Siesta siesta,11,4,64.054,2,-0.196833,0.875,0,5,10648,0,0,0,0
23234,2022/3/25 20:21,Siesta siesta,11,4,64.11,2,-0.093955,0.875,0,5,10745,0,0,0,0
23235,2022/3/25 20:21,Siesta siesta,11,4,64.16,2,-0.063363,0.905387,0,5,10738,0,0,0,0
23236,2022/3/25 20:21,Siesta siesta,11,4,64.215,2,-0.03125,0.938273,0,5,10656,0,0,0,0
23237,2022/3/25 20:21,Siesta siesta,11,4,64.269,2,-0.03125,0.9715,0,5,10716,0,0,0,0
23238,2022/3/25 20:21,Siesta siesta,11,4,64.324,2,-0.028583,1,0,5,10808,0,0,0,0
23239,2022/3/25 20:21,Siesta siesta,11,4,64.38,2,-0.011737,1,0,5,10912,0,0,0,0
23240,2022/3/25 20:21,Siesta siesta,11,4,64.38,2,0,1,0,5,11005,0,0,0,0
23242,2022/3/25 20:21,Siesta siesta,11,4,64.486,2,0,1,0,5,11186,0,0,0,0
23243,2022/3/25 20:21,Siesta siesta,11,4,64.535,2,0,1,0,5,11231,0,0,0,0
23244,2022/3/25 20:21,Siesta siesta,11,4,64.584,2,0,1,0,5,11321,0,0,0,0
23245,2022/3/25 20:21,Siesta siesta,11,4,64.647,2,0,1,0,5,11468,0,0,0,0
23246,2022/3/25 20:21,Siesta siesta,11,4,64.697,2,0,1,0,5,11531,0,0,0,0
23247,2022/3/25 20:21,Siesta siesta,11,4,64.759,2,0,1,0,5,11645,0,0,0,0
23248,2022/3/25 20:21,Siesta siesta,11,4,64.81,2,0,1,0,5,11730,0,0,0,0
23249,2022/3/25 20:21,Siesta siesta,11,4,64.863,2,0,1,0,6,10835,0,0,0,0
23250,2022/3/25 20:21,Siesta siesta,11,4,64.915,2,0,1,0,6,10374,0,0,0,0
23252,2022/3/25 20:21,Siesta siesta,11,4,64.965,2,0,1,0,6,10423,0,0,0,0
23253,2022/3/25 20:21,Siesta siesta,11,4,65.02,2,0,1,0,6,10478,0,0,0,0
23254,2022/3/25 20:21,Siesta siesta,11,4,65.074,2,0,1,0,6,10543,0,0,0,0
23255,2022/3/25 20:21,Siesta siesta,11,4,65.127,2,0,1,0,6,10623,0,0,0,0
23256,2022/3/25 20:21,Siesta siesta,11,4,65.18,2,0,1,0,6,10690,0,0,0,0
23257,2022/3/25 20:21,Siesta siesta,11,4,65.234,2,0,1,0,6,10760,0,0,0,0
23258,2022/3/25 20:21,Siesta siesta,11,4,65.287,2,0,1,0,6,10834,0,0,0,0
23259,2022/3/25 20:21,Siesta siesta,11,4,65.34,2,0,1,0,6,10896,0,0,0,0
23260,2022/3/25 20:21,Siesta siesta,11,4,65.393,2,0,1,0,6,10952,0,0,0,0
23261,2022/3/25 20:21,Siesta siesta,11,4,65.445,2,0,1,0,6,11030,0,0,0,0
23263,2022/3/25 20:21,Siesta siesta,11,4,65.498,2,0,1,0,6,11110,0,0,0,0
23264,2022/3/25 20:21,Siesta siesta,11,4,65.55,2,0,1,0,6,11170,0,0,0,0
23265,2022/3/25 20:21,Siesta siesta,11,4,65.603,2,0,1,0,6,11227,0,0,0,0
23266,2022/3/25 20:21,Siesta siesta,11,4,65.656,2,0,1,0,6,11306,0,0,0,0
23267,2022/3/25 20:21,Siesta siesta,11,4,65.71,2,0,1,0,6,11384,0,0,0,0
23268,2022/3/25 20:21,Siesta siesta,11,4,65.762,2,0,1,0,6,11441,0,0,0,0
23269,2022/3/25 20:21,Siesta siesta,11,4,65.815,2,0,1,0,6,11485,0,0,0,0
23270,2022/3/25 20:21,Siesta siesta,11,4,65.87,2,0,1,0,6,11532,0,0,0,0
23271,2022/3/25 20:21,Siesta siesta,11,4,65.922,2,0,1,0,6,11581,0,0,0,0
23273,2022/3/25 20:21,Siesta siesta,11,4,65.976,2,0,1,0,6,11632,0,0,0,0
23274,2022/3/25 20:21,Siesta siesta,11,4,66.027,2,0,1,0,6,11683,0,0,0,0
23275,2022/3/25 20:21,Siesta siesta,11,4,66.027,2,0,1,0,6,11734,0,0,0,0
23276,2022/3/25 20:21,Siesta siesta,11,4,66.134,2,0,1,0,6,11784,0,0,0,0
23277,2022/3/25 20:21,Siesta siesta,11,4,66.187,2,0,1,0,6,11727,0,0,0,0
23278,2022/3/25 20:21,Siesta siesta,11,4,66.242,2,0,1,0,7,11580,0,0,0,0
23279,2022/3/25 20:21,Siesta siesta,11,4,66.295,2,0,1,0,7,10478,0,0,0,0
23280,2022/3/25 20:21,Siesta siesta,11,4,66.348,2,0,1,0,7,10520,0,0,0,0
23281,2022/3/25 20:22,Siesta siesta,11,4,66.403,2,0,1,0,7,10555,0,0,0,0
23282,2022/3/25 20:22,Siesta siesta,11,4,66.459,2,0,1,0,7,10571,0,0,0,0
23283,2022/3/25 20:22,Siesta siesta,11,4,66.514,2,0,1,0,7,10609,0,0,0,0
23284,2022/3/25 20:22,Siesta siesta,11,4,66.569,2,0,1,0,7,10657,0,0,0,0
23285,2022/3/25 20:22,Siesta siesta,11,4,66.624,2,0,1,0,7,10708,0,0,0,0
23287,2022/3/25 20:22,Siesta siesta,11,4,66.677,2,0,1,0,7,10757,0,0,0,0
23288,2022/3/25 20:22,Siesta siesta,11,4,66.732,2,0,1,0,7,10807,0,0,0,0
23289,2022/3/25 20:22,Siesta siesta,11,4,66.788,2,0,1,0,7,10859,0,0,0,0
23290,2022/3/25 20:22,Siesta siesta,11,4,66.844,2,0,1,0,7,10884,0,0,0,0
23291,2022/3/25 20:22,Siesta siesta,11,4,66.899,2,0,1,0,7,10911,0,0,0,0
23292,2022/3/25 20:22,Siesta siesta,11,4,66.955,2,0,1,0,7,10951,0,0,0,0
23294,2022/3/25 20:22,Siesta siesta,11,4,67.01,2,0,1,0,7,10993,0,0,0,0
23295,2022/3/25 20:22,Siesta siesta,11,4,67.064,2,0,1,0,7,11017,0,0,0,0
23296,2022/3/25 20:22,Siesta siesta,11,4,67.121,2,0,1,0,7,11053,0,0,0,0
23297,2022/3/25 20:22,Siesta siesta,11,4,67.176,2,0,1,0,7,11097,0,0,0,0
23298,2022/3/25 20:22,Siesta siesta,11,4,67.231,2,0,1,0,7,11142,0,0,0,0
23299,2022/3/25 20:22,Siesta siesta,11,4,67.287,2,0,1,0,7,11183,0,0,0,0
23300,2022/3/25 20:22,Siesta siesta,11,4,67.342,2,0,1,0,7,11200,0,0,0,0
23301,2022/3/25 20:22,Siesta siesta,11,4,67.395,2,0,1,0,7,11229,0,0,0,0
23302,2022/3/25 20:22,Siesta siesta,11,4,67.45,2,0,1,0,7,11268,0,0,0,0
23304,2022/3/25 20:22,Siesta siesta,11,4,67.505,2,0,1,0,7,11305,0,0,0,0
23305,2022/3/25 20:22,Siesta siesta,11,4,67.56,2,0,1,0,7,11321,0,0,0,0
23306,2022/3/25 20:22,Siesta siesta,11,4,67.612,2,0,1,0,7,11354,0,0,0,0
23307,2022/3/25 20:22,Siesta siesta,11,4,67.664,2,0,1,0,7,11394,0,0,0,0
23308,2022/3/25 20:22,Siesta siesta,11,4,67.718,2,0,1,0,7,11426,0,0,0,0
23309,2022/3/25 20:22,Siesta siesta,11,4,67.769,2,0,1,0,7,11439,0,0,0,0
23310,2022/3/25 20:22,Siesta siesta,11,4,67.819,2,0,1,0,7,11467,0,0,0,0
23311,2022/3/25 20:22,Siesta siesta,11,4,67.87,2,0,1,0,7,11491,0,0,0,0
23312,2022/3/25 20:22,Siesta siesta,11,4,67.928,2,0,1,0,7,11507,0,0,0,0
23314,2022/3/25 20:22,Siesta siesta,11,4,67.976,2,0,1,0,7,11537,0,0,0,0
23315,2022/3/25 20:22,Siesta siesta,11,4,68.032,2,0,1,0,7,11580,0,0,0,0
23316,2022/3/25 20:22,Siesta siesta,11,4,68.08,2,0,1,0,7,11613,0,0,0,0
23317,2022/3/25 20:22,Siesta siesta,11,4,68.136,2,0,1,0,7,11640,0,0,0,0
23318,2022/3/25 20:22,Siesta siesta,11,4,68.183,2,0,1,0,7,11660,0,0,0,0
23319,2022/3/25 20:22,Siesta siesta,11,4,68.24,2,0,1,0,7,11677,0,0,0,0
23320,2022/3/25 20:22,Siesta siesta,11,4,68.285,2,0,1,0,7,11686,0,0,0,0
23322,2022/3/25 20:22,Siesta siesta,11,4,68.393,2,0,1,0,7,11724,0,0,0,0
23323,2022/3/25 20:22,Siesta siesta,11,4,68.445,2,0,1,0,7,11751,0,0,0,0
23325,2022/3/25 20:22,Siesta siesta,11,4,68.498,2,0,1,0,7,11778,0,0,0,0
23326,2022/3/25 20:22,Siesta siesta,11,4,68.552,2,0,1,0,7,11805,0,0,0,0
23327,2022/3/25 20:22,Siesta siesta,11,4,68.603,2,0,1,0,7,11786,0,0,0,0
23328,2022/3/25 20:22,Siesta siesta,11,4,68.656,2,0,1,0,7,11834,0,0,0,0
23329,2022/3/25 20:22,Siesta siesta,11,4,68.707,2,0,1,0,7,11850,0,0,0,0
23330,2022/3/25 20:22,Siesta siesta,11,4,68.759,2,0,1,0,7,11859,0,0,0,0
23331,2022/3/25 20:22,Siesta siesta,11,4,68.812,2,0,1,0,7,11833,0,0,0,0
23332,2022/3/25 20:22,Siesta siesta,11,4,68.864,2,0,1,0,7,11883,0,0,0,0
23333,2022/3/25 20:22,Siesta siesta,11,4,68.917,2,0,1,0,7,11918,0,0,0,0
23334,2022/3/25 20:22,Siesta siesta,11,4,68.969,2,0,1,0,7,11910,0,0,0,0
23335,2022/3/25 20:22,Siesta siesta,11,4,69.022,2,0,1,0,7,11938,0,0,0,0
23336,2022/3/25 20:22,Siesta siesta,11,4,69.074,2,0.015305,1,0,8,11729,0,2,1,0